OTD_ID,Title,Library_Name,Legacy_ID,ATTACK_Technique_IDs,Threat_Actors,Sectors,Purdue_Level,Protocol,Nozomi_Type_ID,Severity,LS_IDs,Onboarding_Tiers,Playbook_IDs,Query_Origin,Sentinel_KQL,Splunk_SPL,Sigma_Artifact
OTD-0001,External remote services abuse into OT/DMZ,OT Threat Content,OT-UC-0001,T0822,KAMACITE;VOLTZITE;BAUXITE,Electric;Oil & Gas;Water,L3.5,RDP/VPN,NET:NEW-LINK,High,LS-02;LS-03;LS-04;LS-20,Tier 1,PLAYBOOK-OT-06,scaffold,02-detection/queries/sentinel/OTD-0001__external-remote-services-abuse-into-ot-dmz.kql,02-detection/queries/splunk/OTD-0001__external-remote-services-abuse-into-ot-dmz.spl,
OTD-0002,Internet-accessible ICS device exposure,OT Threat Content,OT-UC-0002,T0883,BAUXITE,Water;Oil & Gas,L2,Modbus/HTTP,VI:NEW-NODE,High,LS-06;LS-18,Tier 2;Tier 3,PLAYBOOK-OT-07;PLAYBOOK-OT-08,scaffold,02-detection/queries/sentinel/OTD-0002__internet-accessible-ics-device-exposure.kql,02-detection/queries/splunk/OTD-0002__internet-accessible-ics-device-exposure.spl,02-detection/nozomi/internet-exposed-device.n2ql
OTD-0003,Unauthorized Modbus write to coils/registers,OT Threat Content,OT-UC-0003,T0855,CHERNOVITE,Manufacturing;Water;Oil & Gas,L1,Modbus,PROT:MODBUS-ILLEGAL,High,LS-06;LS-18,Tier 2;Tier 3,PLAYBOOK-OT-01;PLAYBOOK-OT-07,compiled-from-sigma,02-detection/queries/sentinel/OTD-0003__unauthorized-modbus-write-to-coils-registers.kql,02-detection/queries/splunk/OTD-0003__unauthorized-modbus-write-to-coils-registers.spl,02-detection/sigma/core-protocol/modbus-unauthorized-write.yml
OTD-0004,Modbus FC08 diagnostic restart/listen-only,OT Threat Content,OT-UC-0004,T0816,CHERNOVITE,Manufacturing;Water,L1,Modbus,PROT:MODBUS-ILLEGAL,High,LS-06;LS-18,Tier 2;Tier 3,PLAYBOOK-OT-01;PLAYBOOK-OT-07,compiled-from-sigma,02-detection/queries/sentinel/OTD-0004__modbus-fc08-diagnostic-restart-listen-only.kql,02-detection/queries/splunk/OTD-0004__modbus-fc08-diagnostic-restart-listen-only.spl,02-detection/sigma/core-protocol/modbus-fc08-restart.yml
OTD-0005,S7comm STOP CPU command,OT Threat Content,OT-UC-0005,T0816,CHERNOVITE;ELECTRUM,Manufacturing;Oil & Gas,L1,S7comm,PROT:S7-ILLEGAL,High,LS-06;LS-18,Tier 2;Tier 3,PLAYBOOK-OT-06;PLAYBOOK-OT-07,compiled-from-sigma,02-detection/queries/sentinel/OTD-0005__s7comm-stop-cpu-command.kql,02-detection/queries/splunk/OTD-0005__s7comm-stop-cpu-command.spl,02-detection/sigma/core-protocol/s7comm-stop-cpu.yml
OTD-0006,S7comm program/logic download to PLC,OT Threat Content,OT-UC-0006,T0843,CHERNOVITE,Manufacturing,L1,S7comm,SIGN:PACKET-RULE,High,LS-06;LS-18,Tier 2;Tier 3,PLAYBOOK-OT-03,scaffold,02-detection/queries/sentinel/OTD-0006__s7comm-program-logic-download-to-plc.kql,02-detection/queries/splunk/OTD-0006__s7comm-program-logic-download-to-plc.spl,
OTD-0007,DNP3 cold/warm restart function,OT Threat Content,OT-UC-0007,T0816,ELECTRUM,Electric,L1,DNP3,PROT:DNP3-ILLEGAL,High,LS-17;LS-18,Tier 3,PLAYBOOK-OT-07,compiled-from-sigma,02-detection/queries/sentinel/OTD-0007__dnp3-cold-warm-restart-function.kql,02-detection/queries/splunk/OTD-0007__dnp3-cold-warm-restart-function.spl,02-detection/sigma/core-protocol/dnp3-restart.yml
OTD-0008,DNP3 disable unsolicited responses,OT Threat Content,OT-UC-0008,T0804,ELECTRUM,Electric,L1,DNP3,PROT:DNP3-ILLEGAL,High,LS-17;LS-18,Tier 3,PLAYBOOK-OT-02;PLAYBOOK-OT-07,scaffold,02-detection/queries/sentinel/OTD-0008__dnp3-disable-unsolicited-responses.kql,02-detection/queries/splunk/OTD-0008__dnp3-disable-unsolicited-responses.spl,
OTD-0009,IEC-104 unauthorized control from non-EWS,OT Threat Content,OT-UC-0009,T0855,ELECTRUM,Electric,L1,IEC-104,PROT:IEC104-ILLEGAL,High,LS-17;LS-18,Tier 3,PLAYBOOK-OT-07,compiled-from-sigma,02-detection/queries/sentinel/OTD-0009__iec-104-unauthorized-control-from-non-ews.kql,02-detection/queries/splunk/OTD-0009__iec-104-unauthorized-control-from-non-ews.spl,02-detection/sigma/core-protocol/iec104-unauthorized-control.yml
OTD-0010,IEC 61850 GOOSE spoofing/manipulation,OT Threat Content,OT-UC-0010,T0856,ELECTRUM,Electric,L1,GOOSE,PROT:GOOSE-ANOMALY,High,LS-12;LS-18,Tier 2;Tier 3,PLAYBOOK-OT-07,scaffold,02-detection/queries/sentinel/OTD-0010__iec-61850-goose-spoofing-manipulation.kql,02-detection/queries/splunk/OTD-0010__iec-61850-goose-spoofing-manipulation.spl,
OTD-0011,OPC UA anonymous/unencrypted session,OT Threat Content,OT-UC-0011,T0812,GRAPHITE,Manufacturing;Oil & Gas,L2,OPC UA,PROT:OPCUA-INSECURE,Medium,LS-18,Tier 3,PLAYBOOK-OT-07,scaffold,02-detection/queries/sentinel/OTD-0011__opc-ua-anonymous-unencrypted-session.kql,02-detection/queries/splunk/OTD-0011__opc-ua-anonymous-unencrypted-session.spl,
OTD-0012,EtherNet/IP CIP firmware update to controller,OT Threat Content,OT-UC-0012,T0857,CHERNOVITE,Manufacturing,L1,ENIP/CIP,PROT:ENIP-ILLEGAL,High,LS-07;LS-18,Tier 2;Tier 3,PLAYBOOK-OT-05,scaffold,02-detection/queries/sentinel/OTD-0012__ethernet-ip-cip-firmware-update-to-controller.kql,02-detection/queries/splunk/OTD-0012__ethernet-ip-cip-firmware-update-to-controller.spl,
OTD-0013,Active network scan of OT subnet,OT Threat Content,OT-UC-0013,T0840,VOLTZITE;GRAPHITE,Electric;Oil & Gas;Water;Manufacturing,L2,TCP/UDP,NET:TCP-SYN-SCAN,Medium,LS-18,Tier 3,,compiled-from-sigma,02-detection/queries/sentinel/OTD-0013__active-network-scan-of-ot-subnet.kql,02-detection/queries/splunk/OTD-0013__active-network-scan-of-ot-subnet.spl,02-detection/sigma/core-protocol/ot-subnet-scan.yml
OTD-0014,New/unauthorized node on OT segment,OT Threat Content,OT-UC-0014,T0846,VOLTZITE,Electric;Oil & Gas;Water;Manufacturing,L2,ARP/Multi,NET:NEW-NODE,Medium,LS-18,Tier 3,PLAYBOOK-OT-08,compiled-from-sigma,02-detection/queries/sentinel/OTD-0014__new-unauthorized-node-on-ot-segment.kql,02-detection/queries/splunk/OTD-0014__new-unauthorized-node-on-ot-segment.spl,02-detection/sigma/it-dmz-ot-crosszone/23_first-time-asset-communication-across-a-zone-boundary.yml
OTD-0015,Rogue engineering workstation to PLC,OT Threat Content,OT-UC-0015,T0859,CHERNOVITE;ELECTRUM,Manufacturing;Oil & Gas,L2,S7comm/ENIP,NET:NEW-LINK,High,LS-06;LS-18,Tier 2;Tier 3,PLAYBOOK-OT-01,scaffold,02-detection/queries/sentinel/OTD-0015__rogue-engineering-workstation-to-plc.kql,02-detection/queries/splunk/OTD-0015__rogue-engineering-workstation-to-plc.spl,
OTD-0016,Alarm suppression/modify alarm settings,OT Threat Content,OT-UC-0016,T0878,XENOTIME,Oil & Gas;Chemical,L2,HMI/Historian,SIGN:PACKET-RULE,High,LS-08;LS-10;LS-11,Tier 1;Tier 2,PLAYBOOK-OT-02,scaffold,02-detection/queries/sentinel/OTD-0016__alarm-suppression-modify-alarm-settings.kql,02-detection/queries/splunk/OTD-0016__alarm-suppression-modify-alarm-settings.spl,
OTD-0017,SIS key switch in PROGRAM mode,OT Threat Content,OT-UC-0017,T0858,XENOTIME,Oil & Gas;Chemical,L1,TriStation/Proprietary,PROT:MALFORMED-PACKET,Critical,LS-07;LS-18,Tier 2;Tier 3,PLAYBOOK-OT-05,scaffold,02-detection/queries/sentinel/OTD-0017__sis-key-switch-in-program-mode.kql,02-detection/queries/splunk/OTD-0017__sis-key-switch-in-program-mode.spl,
OTD-0018,Malware transfer via SMB in OT,OT Threat Content,OT-UC-0018,T0867,ELECTRUM;DragonFly,Electric;Oil & Gas,L3,SMB,SIGN:MALWARE-DETECTED,High,LS-18,Tier 3,PLAYBOOK-OT-04,scaffold,02-detection/queries/sentinel/OTD-0018__malware-transfer-via-smb-in-ot.kql,02-detection/queries/splunk/OTD-0018__malware-transfer-via-smb-in-ot.spl,02-detection/nozomi/malware-smb-transfer.n2ql
OTD-0019,Known-bad C2/malicious IP contact from OT,OT Threat Content,OT-UC-0019,T0885,BAUXITE;KAMACITE,Electric;Oil & Gas;Water;Manufacturing,L3,IP/Multi,SIGN:MALICIOUS-IP,High,LS-18,Tier 3,,scaffold,02-detection/queries/sentinel/OTD-0019__known-bad-c2-malicious-ip-contact-from-ot.kql,02-detection/queries/splunk/OTD-0019__known-bad-c2-malicious-ip-contact-from-ot.spl,
OTD-0020,Removable media introduced to OT asset,OT Threat Content,OT-UC-0020,T0847,DragonFly,Manufacturing;Oil & Gas,L2,Host,N/A (Host-based),Medium,LS-08,Tier 1,PLAYBOOK-OT-04,scaffold,02-detection/queries/sentinel/OTD-0020__removable-media-introduced-to-ot-asset.kql,02-detection/queries/splunk/OTD-0020__removable-media-introduced-to-ot-asset.spl,
OTD-0021,Modbus enumeration and point/tag ID,OT Threat Content,OT-UC-0021,T0861,GRAPHITE,Manufacturing;Water,L1,Modbus,PROT:MODBUS-ILLEGAL,Medium,LS-06;LS-18,Tier 2;Tier 3,PLAYBOOK-OT-09,scaffold,02-detection/queries/sentinel/OTD-0021__modbus-enumeration-and-point-tag-id.kql,02-detection/queries/splunk/OTD-0021__modbus-enumeration-and-point-tag-id.spl,
OTD-0022,Brute force/repeated failed OT auth,OT Threat Content,OT-UC-0022,T0812,BAUXITE,Electric;Oil & Gas;Water,L2,App/Multi,N/A (App-based),Medium,LS-18,Tier 3,PLAYBOOK-OT-06,scaffold,02-detection/queries/sentinel/OTD-0022__brute-force-repeated-failed-ot-auth.kql,02-detection/queries/splunk/OTD-0022__brute-force-repeated-failed-ot-auth.spl,
OTD-0023,Denial-of-service flood against controller,OT Threat Content,OT-UC-0023,T0814,ELECTRUM,Manufacturing;Electric,L1,Multi,NET:HIGH-BANDWIDTH,High,LS-18,Tier 3,PLAYBOOK-OT-07,scaffold,02-detection/queries/sentinel/OTD-0023__denial-of-service-flood-against-controller.kql,02-detection/queries/splunk/OTD-0023__denial-of-service-flood-against-controller.spl,
OTD-0024,Historian/operational data exfiltration,OT Threat Content,OT-UC-0024,T0882,GRAPHITE;VOLTZITE,Oil & Gas;Manufacturing,L3,SQL/OPC,NET:NEW-LINK,Medium,LS-18,Tier 3,PLAYBOOK-OT-09,scaffold,02-detection/queries/sentinel/OTD-0024__historian-operational-data-exfiltration.kql,02-detection/queries/splunk/OTD-0024__historian-operational-data-exfiltration.spl,
OTD-0025,Time-sync (NTP) manipulation affecting SOE,OT Threat Content,OT-UC-0025,T0856,ELECTRUM,Electric,L2,NTP,PROT:MALFORMED-PACKET,Medium,LS-18,Tier 3,,scaffold,02-detection/queries/sentinel/OTD-0025__time-sync-ntp-manipulation-affecting-soe.kql,02-detection/queries/splunk/OTD-0025__time-sync-ntp-manipulation-affecting-soe.spl,
OTD-0026,Unauthorized wireless/cellular modem access,OT Threat Content,OT-UC-0026,T0860,BAUXITE,Water;Oil & Gas,L1,Cellular/RF,VI:NEW-NODE,Medium,LS-02;LS-18,Tier 1;Tier 3,PLAYBOOK-OT-08,scaffold,02-detection/queries/sentinel/OTD-0026__unauthorized-wireless-cellular-modem-access.kql,02-detection/queries/splunk/OTD-0026__unauthorized-wireless-cellular-modem-access.spl,
OTD-0027,PLC operating mode change to Program/Remote,OT Threat Content,OT-UC-0027,T0858,CHERNOVITE,Manufacturing;Electric,L1,S7comm/ENIP/Modbus,PROT:MODE-CHANGE,High,LS-06;LS-18,Tier 2;Tier 3,PLAYBOOK-OT-03,scaffold,02-detection/queries/sentinel/OTD-0027__plc-operating-mode-change-to-program-remote.kql,02-detection/queries/splunk/OTD-0027__plc-operating-mode-change-to-program-remote.spl,
OTD-0028,Unsigned/downgrade firmware load,OT Threat Content,OT-UC-0028,T0839,CHERNOVITE,Manufacturing;Electric,L1,Multi,PROT:MALFORMED-PACKET,High,LS-07;LS-18,Tier 2;Tier 3,PLAYBOOK-OT-03;PLAYBOOK-OT-05,scaffold,02-detection/queries/sentinel/OTD-0028__unsigned-downgrade-firmware-load.kql,02-detection/queries/splunk/OTD-0028__unsigned-downgrade-firmware-load.spl,
OTD-0029,Control-to-safety write/command,SIS Safety Detection,SIS-A1,T0855;T0836,,,L1-SIS,,,critical,LS-02;LS-07;LS-18,Tier 1;Tier 2;Tier 3,PLAYBOOK-OT-05,scaffold,02-detection/queries/sentinel/OTD-0029__control-to-safety-write-command.kql,02-detection/queries/splunk/OTD-0029__control-to-safety-write-command.spl,
OTD-0030,New comms path into SIS zone,SIS Safety Detection,SIS-A2,T0855,,,L1-SIS,,,high,LS-02;LS-07;LS-18,Tier 1;Tier 2;Tier 3,PLAYBOOK-OT-05,scaffold,02-detection/queries/sentinel/OTD-0030__new-comms-path-into-sis-zone.kql,02-detection/queries/splunk/OTD-0030__new-comms-path-into-sis-zone.spl,
OTD-0031,Reversed data direction at boundary,SIS Safety Detection,SIS-A3,T0855,,,L1-SIS,,,high,LS-02;LS-07;LS-18,Tier 1;Tier 2;Tier 3,,scaffold,02-detection/queries/sentinel/OTD-0031__reversed-data-direction-at-boundary.kql,02-detection/queries/splunk/OTD-0031__reversed-data-direction-at-boundary.spl,
OTD-0032,SIS traffic bypassing sanctioned gateway,SIS Safety Detection,SIS-A5,T0855,,,L1-SIS,,,high,LS-02;LS-07;LS-18,Tier 1;Tier 2;Tier 3,PLAYBOOK-OT-05,scaffold,02-detection/queries/sentinel/OTD-0032__sis-traffic-bypassing-sanctioned-gateway.kql,02-detection/queries/splunk/OTD-0032__sis-traffic-bypassing-sanctioned-gateway.spl,
OTD-0033,SIS program download,SIS Safety Detection,SIS-B2,T0843,,,L1-SIS,,,critical,LS-07;LS-08;LS-18,Tier 1;Tier 2;Tier 3,PLAYBOOK-OT-05,scaffold,02-detection/queries/sentinel/OTD-0033__sis-program-download.kql,02-detection/queries/splunk/OTD-0033__sis-program-download.spl,
OTD-0034,SIS program upload,SIS Safety Detection,SIS-B3,T0845,,,L1-SIS,,,high,LS-07;LS-08;LS-18,Tier 1;Tier 2;Tier 3,PLAYBOOK-OT-05,scaffold,02-detection/queries/sentinel/OTD-0034__sis-program-upload.kql,02-detection/queries/splunk/OTD-0034__sis-program-upload.spl,
OTD-0035,Key-switch/mode to PROGRAM/REMOTE,SIS Safety Detection,SIS-B4,T0858,,,L1-SIS,,,critical,LS-05;LS-07;LS-08,Tier 1;Tier 2,PLAYBOOK-OT-03,scaffold,02-detection/queries/sentinel/OTD-0035__key-switch-mode-to-program-remote.kql,02-detection/queries/splunk/OTD-0035__key-switch-mode-to-program-remote.spl,
OTD-0036,SIS logic differs from golden baseline,SIS Safety Detection,SIS-B5,T0889,,,L1-SIS,,,critical,LS-07;LS-08,Tier 1;Tier 2,PLAYBOOK-OT-05,scaffold,02-detection/queries/sentinel/OTD-0036__sis-logic-differs-from-golden-baseline.kql,02-detection/queries/splunk/OTD-0036__sis-logic-differs-from-golden-baseline.spl,
OTD-0037,SIS firmware change,SIS Safety Detection,SIS-B6,T0839;T0800,,,L1-SIS,,,critical,LS-07;LS-08;LS-18,Tier 1;Tier 2;Tier 3,PLAYBOOK-OT-05,scaffold,02-detection/queries/sentinel/OTD-0037__sis-firmware-change.kql,02-detection/queries/splunk/OTD-0037__sis-firmware-change.spl,
OTD-0038,SIS engineering off-window/new host,SIS Safety Detection,SIS-B7,T0868,,,L1-SIS,,,high,LS-07;LS-08;LS-18,Tier 1;Tier 2;Tier 3,PLAYBOOK-OT-05,scaffold,02-detection/queries/sentinel/OTD-0038__sis-engineering-off-window-new-host.kql,02-detection/queries/splunk/OTD-0038__sis-engineering-off-window-new-host.spl,
OTD-0039,Safety PV trending toward trip,SIS Safety Detection,SIS-C1,T0880;T0837,,,L1-SIS,,,high,LS-07;LS-10,Tier 2,PLAYBOOK-OT-05,scaffold,02-detection/queries/sentinel/OTD-0039__safety-pv-trending-toward-trip.kql,02-detection/queries/splunk/OTD-0039__safety-pv-trending-toward-trip.spl,
OTD-0040,Trip setpoint/safety parameter modification,SIS Safety Detection,SIS-C2,T0836;T0838,,,L1-SIS,,,critical,LS-07;LS-10,Tier 2,PLAYBOOK-OT-05,scaffold,02-detection/queries/sentinel/OTD-0040__trip-setpoint-safety-parameter-modification.kql,02-detection/queries/splunk/OTD-0040__trip-setpoint-safety-parameter-modification.spl,
OTD-0041,Unexpected SIF trip/demand,SIS Safety Detection,SIS-C3,T0880,,,L1-SIS,,,high,LS-07;LS-10,Tier 2,PLAYBOOK-OT-05,scaffold,02-detection/queries/sentinel/OTD-0041__unexpected-sif-trip-demand.kql,02-detection/queries/splunk/OTD-0041__unexpected-sif-trip-demand.spl,
OTD-0042,Expected trip absent/alarm suppression,SIS Safety Detection,SIS-C4,T0878;T0837,,,L1-SIS,,,critical,LS-07;LS-10,Tier 2,PLAYBOOK-OT-05,scaffold,02-detection/queries/sentinel/OTD-0042__expected-trip-absent-alarm-suppression.kql,02-detection/queries/splunk/OTD-0042__expected-trip-absent-alarm-suppression.spl,
OTD-0043,Final-element command-response mismatch,SIS Safety Detection,SIS-C5,T0835;T0856,,,L1-SIS,,,critical,LS-07;LS-10,Tier 2,PLAYBOOK-OT-05,scaffold,02-detection/queries/sentinel/OTD-0043__final-element-command-response-mismatch.kql,02-detection/queries/splunk/OTD-0043__final-element-command-response-mismatch.spl,
OTD-0044,De-energize-to-trip circuit anomaly,SIS Safety Detection,SIS-C6,T0837,,,L1-SIS,,,high,LS-07;LS-10,Tier 2,PLAYBOOK-OT-05,scaffold,02-detection/queries/sentinel/OTD-0044__de-energize-to-trip-circuit-anomaly.kql,02-detection/queries/splunk/OTD-0044__de-energize-to-trip-circuit-anomaly.spl,
OTD-0045,Voting degradation,SIS Safety Detection,SIS-D1,T0837,,,L1-SIS,,,high,LS-07;LS-10,Tier 2,PLAYBOOK-OT-05,scaffold,02-detection/queries/sentinel/OTD-0045__voting-degradation.kql,02-detection/queries/splunk/OTD-0045__voting-degradation.spl,
OTD-0046,Redundant safety-sensor disagreement,SIS Safety Detection,SIS-D2,T0856,,,L1-SIS,,,high,LS-07;LS-10,Tier 2,PLAYBOOK-OT-05,scaffold,02-detection/queries/sentinel/OTD-0046__redundant-safety-sensor-disagreement.kql,02-detection/queries/splunk/OTD-0046__redundant-safety-sensor-disagreement.spl,
OTD-0047,Frozen/replayed safety input,SIS Safety Detection,SIS-D3,T0856,,,L1-SIS,,,high,LS-07;LS-10,Tier 2,PLAYBOOK-OT-05,scaffold,02-detection/queries/sentinel/OTD-0047__frozen-replayed-safety-input.kql,02-detection/queries/splunk/OTD-0047__frozen-replayed-safety-input.spl,
OTD-0048,Loss of independence (shared/BPCS input),SIS Safety Detection,SIS-D4,T0856;T0835,,,L1-SIS,,,high,LS-07;LS-10,Tier 2,PLAYBOOK-OT-05,scaffold,02-detection/queries/sentinel/OTD-0048__loss-of-independence-shared-bpcs-input.kql,02-detection/queries/splunk/OTD-0048__loss-of-independence-shared-bpcs-input.spl,
OTD-0049,Safety input bad-quality spike,SIS Safety Detection,SIS-D5,T0815,,,L1-SIS,,,medium,LS-07;LS-10,Tier 2,PLAYBOOK-OT-05,scaffold,02-detection/queries/sentinel/OTD-0049__safety-input-bad-quality-spike.kql,02-detection/queries/splunk/OTD-0049__safety-input-bad-quality-spike.spl,
OTD-0050,SIF bypass/inhibit activated,SIS Safety Detection,SIS-E1,T0837,,,L1-SIS,,,high,LS-07;LS-10,Tier 2,PLAYBOOK-OT-05,scaffold,02-detection/queries/sentinel/OTD-0050__sif-bypass-inhibit-activated.kql,02-detection/queries/splunk/OTD-0050__sif-bypass-inhibit-activated.spl,
OTD-0051,Long-duration/overdue bypass,SIS Safety Detection,SIS-E2,T0837,,,L1-SIS,,,high,LS-07;LS-10,Tier 2,PLAYBOOK-OT-05,scaffold,02-detection/queries/sentinel/OTD-0051__long-duration-overdue-bypass.kql,02-detection/queries/splunk/OTD-0051__long-duration-overdue-bypass.spl,
OTD-0052,Bypass from unexpected source/off-window,SIS Safety Detection,SIS-E3,T0837,,,L1-SIS,,,high,LS-07;LS-18,Tier 2;Tier 3,PLAYBOOK-OT-05,scaffold,02-detection/queries/sentinel/OTD-0052__bypass-from-unexpected-source-off-window.kql,02-detection/queries/splunk/OTD-0052__bypass-from-unexpected-source-off-window.spl,
OTD-0053,Forced I/O on safety controller,SIS Safety Detection,SIS-E4,T0835,,,L1-SIS,,,critical,LS-07,Tier 2,PLAYBOOK-OT-05,scaffold,02-detection/queries/sentinel/OTD-0053__forced-i-o-on-safety-controller.kql,02-detection/queries/splunk/OTD-0053__forced-i-o-on-safety-controller.spl,
OTD-0054,Multiple simultaneous bypasses,SIS Safety Detection,SIS-E5,T0837,,,L1-SIS,,,critical,LS-07;LS-10,Tier 2,PLAYBOOK-OT-05,scaffold,02-detection/queries/sentinel/OTD-0054__multiple-simultaneous-bypasses.kql,02-detection/queries/splunk/OTD-0054__multiple-simultaneous-bypasses.spl,
OTD-0055,SIS-BPCS comm loss (loss of view),SIS Safety Detection,SIS-F1,T0804;T0837,,,L1-SIS,,,high,LS-07;LS-10;LS-18,Tier 2;Tier 3,PLAYBOOK-OT-05,scaffold,02-detection/queries/sentinel/OTD-0055__sis-bpcs-comm-loss-loss-of-view.kql,02-detection/queries/splunk/OTD-0055__sis-bpcs-comm-loss-loss-of-view.spl,
OTD-0056,SIS diagnostic fault/degraded module,SIS Safety Detection,SIS-F2,T0837,,,L1-SIS,,,high,LS-07,Tier 2,PLAYBOOK-OT-05,scaffold,02-detection/queries/sentinel/OTD-0056__sis-diagnostic-fault-degraded-module.kql,02-detection/queries/splunk/OTD-0056__sis-diagnostic-fault-degraded-module.spl,
OTD-0057,Spurious trip-rate anomaly,SIS Safety Detection,SIS-F3,T0880,,,L1-SIS,,,medium,LS-07;LS-10,Tier 2,PLAYBOOK-OT-05,scaffold,02-detection/queries/sentinel/OTD-0057__spurious-trip-rate-anomaly.kql,02-detection/queries/splunk/OTD-0057__spurious-trip-rate-anomaly.spl,
OTD-0058,SIS controller restart/power event,SIS Safety Detection,SIS-F4,T0816,,,L1-SIS,,,high,LS-07;LS-18,Tier 2;Tier 3,PLAYBOOK-OT-05,scaffold,02-detection/queries/sentinel/OTD-0058__sis-controller-restart-power-event.kql,02-detection/queries/splunk/OTD-0058__sis-controller-restart-power-event.spl,
OTD-0059,SIS time/clock skew,SIS Safety Detection,SIS-F5,T0856,,,L1-SIS,,,medium,LS-07;LS-18,Tier 2;Tier 3,PLAYBOOK-OT-05,scaffold,02-detection/queries/sentinel/OTD-0059__sis-time-clock-skew.kql,02-detection/queries/splunk/OTD-0059__sis-time-clock-skew.spl,
OTD-0060,Modbus Exception Response Flood (Possible Scanning or Fuzzing),Sigma: OT/ICS SOC,SIGMA:ot-ics-soc/03,T0846;T0888,,,,modbus,,medium,LS-06;LS-18,Tier 2;Tier 3,PLAYBOOK-OT-07,compiled-from-sigma,02-detection/queries/sentinel/OTD-0060__modbus-exception-response-flood-possible-scanning-or-fuzzing.kql,02-detection/queries/splunk/OTD-0060__modbus-exception-response-flood-possible-scanning-or-fuzzing.spl,02-detection/sigma/ot-ics-soc/03_modbus-exception-response-flood-possible-scanning-or-fuzzing.yml
OTD-0061,Modbus Write to Coil/Register Outside Approved Change Window,Sigma: OT/ICS SOC,SIGMA:ot-ics-soc/04,T0831;T0855,,,,modbus,,medium,LS-06;LS-18,Tier 2;Tier 3,PLAYBOOK-OT-01,compiled-from-sigma,02-detection/queries/sentinel/OTD-0061__modbus-write-to-coil-register-outside-approved-change-window.kql,02-detection/queries/splunk/OTD-0061__modbus-write-to-coil-register-outside-approved-change-window.spl,02-detection/sigma/ot-ics-soc/04_modbus-write-to-coil-register-outside-approved-change-window.yml
OTD-0062,DNP3 Direct Operate Without Preceding Select (Bypass of Select-Before-Operate),Sigma: OT/ICS SOC,SIGMA:ot-ics-soc/07,T0855;T0858,,,,dnp3,,high,LS-17;LS-18,Tier 3,PLAYBOOK-OT-05,compiled-from-sigma,02-detection/queries/sentinel/OTD-0062__dnp3-direct-operate-without-preceding-select-bypass-of-selec.kql,02-detection/queries/splunk/OTD-0062__dnp3-direct-operate-without-preceding-select-bypass-of-selec.spl,02-detection/sigma/ot-ics-soc/07_dnp3-direct-operate-without-preceding-select-bypass-of-selec.yml
OTD-0063,DNP3 CROB Control Command Outside Maintenance Window,Sigma: OT/ICS SOC,SIGMA:ot-ics-soc/08,T0855,,,,dnp3,,medium,LS-17;LS-18,Tier 3,PLAYBOOK-OT-07,compiled-from-sigma,02-detection/queries/sentinel/OTD-0063__dnp3-crob-control-command-outside-maintenance-window.kql,02-detection/queries/splunk/OTD-0063__dnp3-crob-control-command-outside-maintenance-window.spl,02-detection/sigma/ot-ics-soc/08_dnp3-crob-control-command-outside-maintenance-window.yml
OTD-0064,OPC UA Untrusted or Self-Signed Certificate Accepted,Sigma: OT/ICS SOC,SIGMA:ot-ics-soc/10,T0822;T0859,,,,opcua,,high,LS-18,Tier 3,PLAYBOOK-OT-05,compiled-from-sigma,02-detection/queries/sentinel/OTD-0064__opc-ua-untrusted-or-self-signed-certificate-accepted.kql,02-detection/queries/splunk/OTD-0064__opc-ua-untrusted-or-self-signed-certificate-accepted.spl,02-detection/sigma/ot-ics-soc/10_opc-ua-untrusted-or-self-signed-certificate-accepted.yml
OTD-0065,OPC UA Write Request to Critical Node from Unauthorized Client,Sigma: OT/ICS SOC,SIGMA:ot-ics-soc/11,T0836;T0855,,,,opcua,,high,LS-18,Tier 3,PLAYBOOK-OT-07,compiled-from-sigma,02-detection/queries/sentinel/OTD-0065__opc-ua-write-request-to-critical-node-from-unauthorized-clie.kql,02-detection/queries/splunk/OTD-0065__opc-ua-write-request-to-critical-node-from-unauthorized-clie.spl,02-detection/sigma/ot-ics-soc/11_opc-ua-write-request-to-critical-node-from-unauthorized-clie.yml
OTD-0066,OPC UA Address Space Browse Flood (Reconnaissance),Sigma: OT/ICS SOC,SIGMA:ot-ics-soc/12,T0846;T0888,,,,opcua,,medium,LS-18,Tier 3,PLAYBOOK-OT-05,compiled-from-sigma,02-detection/queries/sentinel/OTD-0066__opc-ua-address-space-browse-flood-reconnaissance.kql,02-detection/queries/splunk/OTD-0066__opc-ua-address-space-browse-flood-reconnaissance.spl,02-detection/sigma/ot-ics-soc/12_opc-ua-address-space-browse-flood-reconnaissance.yml
OTD-0067,S7comm Program Block Download/Upload Outside Change Window,Sigma: OT/ICS SOC,SIGMA:ot-ics-soc/14,T0843;T0871,,,,s7comm,,high,LS-06;LS-18,Tier 2;Tier 3,PLAYBOOK-OT-03,compiled-from-sigma,02-detection/queries/sentinel/OTD-0067__s7comm-program-block-download-upload-outside-change-window.kql,02-detection/queries/splunk/OTD-0067__s7comm-program-block-download-upload-outside-change-window.spl,02-detection/sigma/ot-ics-soc/14_s7comm-program-block-download-upload-outside-change-window.yml
OTD-0068,S7comm System Status List (SZL) Enumeration,Sigma: OT/ICS SOC,SIGMA:ot-ics-soc/15,T0846;T0888,,,,s7comm,,medium,LS-06;LS-18,Tier 2;Tier 3,PLAYBOOK-OT-03,compiled-from-sigma,02-detection/queries/sentinel/OTD-0068__s7comm-system-status-list-szl-enumeration.kql,02-detection/queries/splunk/OTD-0068__s7comm-system-status-list-szl-enumeration.spl,02-detection/sigma/ot-ics-soc/15_s7comm-system-status-list-szl-enumeration.yml
OTD-0069,IEC 60870-5-104 General Interrogation from Unauthorized Master,Sigma: OT/ICS SOC,SIGMA:ot-ics-soc/16,T0846;T0888,,,,iec104,,high,LS-17;LS-18,Tier 3,PLAYBOOK-OT-07,compiled-from-sigma,02-detection/queries/sentinel/OTD-0069__iec-60870-5-104-general-interrogation-from-unauthorized-mast.kql,02-detection/queries/splunk/OTD-0069__iec-60870-5-104-general-interrogation-from-unauthorized-mast.spl,02-detection/sigma/ot-ics-soc/16_iec-60870-5-104-general-interrogation-from-unauthorized-mast.yml
OTD-0070,IEC 60870-5-104 Single or Double Command Outside Maintenance Window,Sigma: OT/ICS SOC,SIGMA:ot-ics-soc/17,T0855,,,,iec104,,medium,LS-17;LS-18,Tier 3,PLAYBOOK-OT-07,compiled-from-sigma,02-detection/queries/sentinel/OTD-0070__iec-60870-5-104-single-or-double-command-outside-maintenance.kql,02-detection/queries/splunk/OTD-0070__iec-60870-5-104-single-or-double-command-outside-maintenance.spl,02-detection/sigma/ot-ics-soc/17_iec-60870-5-104-single-or-double-command-outside-maintenance.yml
OTD-0071,IEC 60870-5-104 Clock Synchronization Command Anomaly,Sigma: OT/ICS SOC,SIGMA:ot-ics-soc/18,T0804;T0851,,,,iec104,,low,LS-17;LS-18,Tier 3,PLAYBOOK-OT-07,compiled-from-sigma,02-detection/queries/sentinel/OTD-0071__iec-60870-5-104-clock-synchronization-command-anomaly.kql,02-detection/queries/splunk/OTD-0071__iec-60870-5-104-clock-synchronization-command-anomaly.spl,02-detection/sigma/ot-ics-soc/18_iec-60870-5-104-clock-synchronization-command-anomaly.yml
OTD-0072,Engineering Workstation Communicating with Multiple PLCs Across Zones,Sigma: OT/ICS SOC,SIGMA:ot-ics-soc/19,T0843;T0867,,,,generic,,high,LS-18,Tier 3,PLAYBOOK-OT-01,compiled-from-sigma,02-detection/queries/sentinel/OTD-0072__engineering-workstation-communicating-with-multiple-plcs-acr.kql,02-detection/queries/splunk/OTD-0072__engineering-workstation-communicating-with-multiple-plcs-acr.spl,02-detection/sigma/ot-ics-soc/19_engineering-workstation-communicating-with-multiple-plcs-acr.yml
OTD-0073,New or Unauthorized Asset Communicating on OT Engineering Protocol Port,Sigma: OT/ICS SOC,SIGMA:ot-ics-soc/20,T0846;T0883,,,,generic,,medium,LS-18,Tier 3,PLAYBOOK-OT-01,compiled-from-sigma,02-detection/queries/sentinel/OTD-0073__new-or-unauthorized-asset-communicating-on-ot-engineering-pr.kql,02-detection/queries/splunk/OTD-0073__new-or-unauthorized-asset-communicating-on-ot-engineering-pr.spl,02-detection/sigma/ot-ics-soc/20_new-or-unauthorized-asset-communicating-on-ot-engineering-pr.yml
OTD-0074,DNP3 Cold or Warm Restart Function to Outstation,Sigma: Core Protocol,SIGMA:core-protocol/dnp3-restart,T0816,ELECTRUM,Electric;Oil & Gas;Water,,zeek,PROT:DNP3-ILLEGAL,high,LS-18,Tier 3,PLAYBOOK-OT-07,compiled-from-sigma,02-detection/queries/sentinel/OTD-0074__dnp3-cold-or-warm-restart-function-to-outstation.kql,02-detection/queries/splunk/OTD-0074__dnp3-cold-or-warm-restart-function-to-outstation.spl,02-detection/sigma/core-protocol/dnp3-restart.yml
OTD-0075,IEC 60870-5-104 Control Command from Unauthorized Source,Sigma: Core Protocol,SIGMA:core-protocol/iec104-unauthorized-control,T0855,ELECTRUM,Electric;Transportation,,zeek,PROT:IEC104-ILLEGAL,high,LS-18,Tier 3,PLAYBOOK-OT-07,compiled-from-sigma,02-detection/queries/sentinel/OTD-0075__iec-60870-5-104-control-command-from-unauthorized-source.kql,02-detection/queries/splunk/OTD-0075__iec-60870-5-104-control-command-from-unauthorized-source.spl,02-detection/sigma/core-protocol/iec104-unauthorized-control.yml
OTD-0076,Modbus FC08 Diagnostic Restart or Force Listen-Only Mode,Sigma: Core Protocol,SIGMA:core-protocol/modbus-fc08-restart,T0816,CHERNOVITE,Water;Manufacturing;Chemical,,zeek,PROT:MODBUS-ILLEGAL,high,LS-18,Tier 3,PLAYBOOK-OT-07,compiled-from-sigma,02-detection/queries/sentinel/OTD-0076__modbus-fc08-diagnostic-restart-or-force-listen-only-mode.kql,02-detection/queries/splunk/OTD-0076__modbus-fc08-diagnostic-restart-or-force-listen-only-mode.spl,02-detection/sigma/core-protocol/modbus-fc08-restart.yml
OTD-0077,Unauthorized Modbus Write to Coils or Registers,Sigma: Core Protocol,SIGMA:core-protocol/modbus-unauthorized-write,T0855,CHERNOVITE,Oil & Gas;Water;Manufacturing;Chemical,,zeek,PROT:MODBUS-ILLEGAL,high,LS-18,Tier 3,PLAYBOOK-OT-01,compiled-from-sigma,02-detection/queries/sentinel/OTD-0077__unauthorized-modbus-write-to-coils-or-registers.kql,02-detection/queries/splunk/OTD-0077__unauthorized-modbus-write-to-coils-or-registers.spl,02-detection/sigma/core-protocol/modbus-unauthorized-write.yml
OTD-0078,Active Network Scan of OT Subnet,Sigma: Core Protocol,SIGMA:core-protocol/ot-subnet-scan,T0840,VOLTZITE;GRAPHITE,Electric;Oil & Gas;Water;Manufacturing,,zeek,NET:TCP-SYN-SCAN,medium,LS-18,Tier 3,PLAYBOOK-OT-01,compiled-from-sigma,02-detection/queries/sentinel/OTD-0078__active-network-scan-of-ot-subnet.kql,02-detection/queries/splunk/OTD-0078__active-network-scan-of-ot-subnet.spl,02-detection/sigma/core-protocol/ot-subnet-scan.yml
OTD-0079,S7comm STOP CPU Command to PLC,Sigma: Core Protocol,SIGMA:core-protocol/s7comm-stop-cpu,T0816,CHERNOVITE;ELECTRUM,Manufacturing;Oil & Gas,,zeek,PROT:S7-ILLEGAL,high,LS-18,Tier 3,PLAYBOOK-OT-01,compiled-from-sigma,02-detection/queries/sentinel/OTD-0079__s7comm-stop-cpu-command-to-plc.kql,02-detection/queries/splunk/OTD-0079__s7comm-stop-cpu-command-to-plc.spl,02-detection/sigma/core-protocol/s7comm-stop-cpu.yml
OTD-0080,Direct IT-to-OT-DMZ Connection Bypassing Jump Host,Sigma: IT/DMZ/OT Cross-Zone,SIGMA:it-dmz-ot-crosszone/01,T0886,,,,generic,,high,LS-02,Tier 1,PLAYBOOK-OT-05,compiled-from-sigma,02-detection/queries/sentinel/OTD-0080__direct-it-to-ot-dmz-connection-bypassing-jump-host.kql,02-detection/queries/splunk/OTD-0080__direct-it-to-ot-dmz-connection-bypassing-jump-host.spl,02-detection/sigma/it-dmz-ot-crosszone/01_direct-it-to-ot-dmz-connection-bypassing-jump-host.yml
OTD-0081,Unauthorized Lateral-Movement Protocol Entering OT DMZ,Sigma: IT/DMZ/OT Cross-Zone,SIGMA:it-dmz-ot-crosszone/02,T0866,,,,generic,,high,LS-02,Tier 1,PLAYBOOK-OT-05,compiled-from-sigma,02-detection/queries/sentinel/OTD-0081__unauthorized-lateral-movement-protocol-entering-ot-dmz.kql,02-detection/queries/splunk/OTD-0081__unauthorized-lateral-movement-protocol-entering-ot-dmz.spl,02-detection/sigma/it-dmz-ot-crosszone/02_unauthorized-lateral-movement-protocol-entering-ot-dmz.yml
OTD-0082,OT DMZ Historian Replication Direction Anomaly,Sigma: IT/DMZ/OT Cross-Zone,SIGMA:it-dmz-ot-crosszone/03,T0840;T0886,,,,generic,,high,LS-02,Tier 1,PLAYBOOK-OT-01,compiled-from-sigma,02-detection/queries/sentinel/OTD-0082__ot-dmz-historian-replication-direction-anomaly.kql,02-detection/queries/splunk/OTD-0082__ot-dmz-historian-replication-direction-anomaly.spl,02-detection/sigma/it-dmz-ot-crosszone/03_ot-dmz-historian-replication-direction-anomaly.yml
OTD-0083,AV/Patch Management Push to DMZ Outside Maintenance Window or Scope,Sigma: IT/DMZ/OT Cross-Zone,SIGMA:it-dmz-ot-crosszone/04,T0843,,,,windows,,medium,LS-08,Tier 1,PLAYBOOK-OT-09,compiled-from-sigma,02-detection/queries/sentinel/OTD-0083__av-patch-management-push-to-dmz-outside-maintenance-window-o.kql,02-detection/queries/splunk/OTD-0083__av-patch-management-push-to-dmz-outside-maintenance-window-o.spl,02-detection/sigma/it-dmz-ot-crosszone/04_av-patch-management-push-to-dmz-outside-maintenance-window-o.yml
OTD-0084,OT DMZ Asset External DNS or NTP Resolution Attempt,Sigma: IT/DMZ/OT Cross-Zone,SIGMA:it-dmz-ot-crosszone/05,,,,,generic,,medium,LS-18,Tier 3,,compiled-from-sigma,02-detection/queries/sentinel/OTD-0084__ot-dmz-asset-external-dns-or-ntp-resolution-attempt.kql,02-detection/queries/splunk/OTD-0084__ot-dmz-asset-external-dns-or-ntp-resolution-attempt.spl,02-detection/sigma/it-dmz-ot-crosszone/05_ot-dmz-asset-external-dns-or-ntp-resolution-attempt.yml
OTD-0085,Web or Email Content Landing on OT DMZ Jump Host,Sigma: IT/DMZ/OT Cross-Zone,SIGMA:it-dmz-ot-crosszone/06,T0817,,,,windows,,critical,LS-08,Tier 1,PLAYBOOK-OT-06,compiled-from-sigma,02-detection/queries/sentinel/OTD-0085__web-or-email-content-landing-on-ot-dmz-jump-host.kql,02-detection/queries/splunk/OTD-0085__web-or-email-content-landing-on-ot-dmz-jump-host.spl,02-detection/sigma/it-dmz-ot-crosszone/06_web-or-email-content-landing-on-ot-dmz-jump-host.yml
OTD-0086,Remote Access Session into L3 Without Approved Change Window,Sigma: IT/DMZ/OT Cross-Zone,SIGMA:it-dmz-ot-crosszone/08,T0859,,,,windows,,medium,LS-08;LS-20,Tier 1,PLAYBOOK-OT-01,compiled-from-sigma,02-detection/queries/sentinel/OTD-0086__remote-access-session-into-l3-without-approved-change-window.kql,02-detection/queries/splunk/OTD-0086__remote-access-session-into-l3-without-approved-change-window.spl,02-detection/sigma/it-dmz-ot-crosszone/08_remote-access-session-into-l3-without-approved-change-window.yml
OTD-0087,Shared or Service Account Used From Unusual DMZ Source,Sigma: IT/DMZ/OT Cross-Zone,SIGMA:it-dmz-ot-crosszone/09,T0859,,,,windows,,high,LS-08;LS-20,Tier 1,PLAYBOOK-OT-05,compiled-from-sigma,02-detection/queries/sentinel/OTD-0087__shared-or-service-account-used-from-unusual-dmz-source.kql,02-detection/queries/splunk/OTD-0087__shared-or-service-account-used-from-unusual-dmz-source.spl,02-detection/sigma/it-dmz-ot-crosszone/09_shared-or-service-account-used-from-unusual-dmz-source.yml
OTD-0088,File Transfer From DMZ to L3 With Executable or Engineering Project Extension,Sigma: IT/DMZ/OT Cross-Zone,SIGMA:it-dmz-ot-crosszone/10,T0843,,,,windows,,high,LS-08,Tier 1,PLAYBOOK-OT-03,compiled-from-sigma,02-detection/queries/sentinel/OTD-0088__file-transfer-from-dmz-to-l3-with-executable-or-engineering.kql,02-detection/queries/splunk/OTD-0088__file-transfer-from-dmz-to-l3-with-executable-or-engineering.spl,02-detection/sigma/it-dmz-ot-crosszone/10_file-transfer-from-dmz-to-l3-with-executable-or-engineering.yml
OTD-0089,Vendor Remote Access Session Duration or Scope Anomaly,Sigma: IT/DMZ/OT Cross-Zone,SIGMA:it-dmz-ot-crosszone/11,T0883,,,,vpn,,medium,LS-04;LS-20,Tier 1,PLAYBOOK-OT-06,compiled-from-sigma,02-detection/queries/sentinel/OTD-0089__vendor-remote-access-session-duration-or-scope-anomaly.kql,02-detection/queries/splunk/OTD-0089__vendor-remote-access-session-duration-or-scope-anomaly.spl,02-detection/sigma/it-dmz-ot-crosszone/11_vendor-remote-access-session-duration-or-scope-anomaly.yml
OTD-0090,Unscheduled HMI Project or Configuration Deployment,Sigma: IT/DMZ/OT Cross-Zone,SIGMA:it-dmz-ot-crosszone/12,T0831;T0843,,,,windows,,medium,LS-08,Tier 1,PLAYBOOK-OT-03,compiled-from-sigma,02-detection/queries/sentinel/OTD-0090__unscheduled-hmi-project-or-configuration-deployment.kql,02-detection/queries/splunk/OTD-0090__unscheduled-hmi-project-or-configuration-deployment.spl,02-detection/sigma/it-dmz-ot-crosszone/12_unscheduled-hmi-project-or-configuration-deployment.yml
OTD-0091,New or Modified Scheduled Task on HMI or SCADA Server,Sigma: IT/DMZ/OT Cross-Zone,SIGMA:it-dmz-ot-crosszone/13,T0839,,,,windows,,high,LS-08,Tier 1,PLAYBOOK-OT-05,compiled-from-sigma,02-detection/queries/sentinel/OTD-0091__new-or-modified-scheduled-task-on-hmi-or-scada-server.kql,02-detection/queries/splunk/OTD-0091__new-or-modified-scheduled-task-on-hmi-or-scada-server.spl,02-detection/sigma/it-dmz-ot-crosszone/13_new-or-modified-scheduled-task-on-hmi-or-scada-server.yml
OTD-0092,Engineering Software Launched by Non-Engineering Account,Sigma: IT/DMZ/OT Cross-Zone,SIGMA:it-dmz-ot-crosszone/14,T0858,,,,windows,,high,LS-08,Tier 1,PLAYBOOK-OT-01,compiled-from-sigma,02-detection/queries/sentinel/OTD-0092__engineering-software-launched-by-non-engineering-account.kql,02-detection/queries/splunk/OTD-0092__engineering-software-launched-by-non-engineering-account.spl,02-detection/sigma/it-dmz-ot-crosszone/14_engineering-software-launched-by-non-engineering-account.yml
OTD-0093,Abnormal Authentication Pattern on SCADA or HMI Server,Sigma: IT/DMZ/OT Cross-Zone,SIGMA:it-dmz-ot-crosszone/15,T0859,,,,windows,,medium,LS-08;LS-20,Tier 1,PLAYBOOK-OT-01,compiled-from-sigma,02-detection/queries/sentinel/OTD-0093__abnormal-authentication-pattern-on-scada-or-hmi-server.kql,02-detection/queries/splunk/OTD-0093__abnormal-authentication-pattern-on-scada-or-hmi-server.spl,02-detection/sigma/it-dmz-ot-crosszone/15_abnormal-authentication-pattern-on-scada-or-hmi-server.yml
OTD-0094,Unexpected Outbound Connection from L2 HMI Toward DMZ or IT,Sigma: IT/DMZ/OT Cross-Zone,SIGMA:it-dmz-ot-crosszone/16,T0886,,,,generic,,high,LS-02,Tier 1,PLAYBOOK-OT-05,compiled-from-sigma,02-detection/queries/sentinel/OTD-0094__unexpected-outbound-connection-from-l2-hmi-toward-dmz-or-it.kql,02-detection/queries/splunk/OTD-0094__unexpected-outbound-connection-from-l2-hmi-toward-dmz-or-it.spl,02-detection/sigma/it-dmz-ot-crosszone/16_unexpected-outbound-connection-from-l2-hmi-toward-dmz-or-it.yml
OTD-0095,Control Command From HMI Outside Documented HMI-to-PLC Pairing,Sigma: IT/DMZ/OT Cross-Zone,SIGMA:it-dmz-ot-crosszone/17,T0855;T0867,,,,generic,,high,LS-18,Tier 3,PLAYBOOK-OT-05,compiled-from-sigma,02-detection/queries/sentinel/OTD-0095__control-command-from-hmi-outside-documented-hmi-to-plc-pairi.kql,02-detection/queries/splunk/OTD-0095__control-command-from-hmi-outside-documented-hmi-to-plc-pairi.spl,02-detection/sigma/it-dmz-ot-crosszone/17_control-command-from-hmi-outside-documented-hmi-to-plc-pairi.yml
OTD-0096,Engineering Protocol Session Opened by HMI Account,Sigma: IT/DMZ/OT Cross-Zone,SIGMA:it-dmz-ot-crosszone/19,T0858;T0867,,,,generic,,high,LS-18,Tier 3,PLAYBOOK-OT-06,compiled-from-sigma,02-detection/queries/sentinel/OTD-0096__engineering-protocol-session-opened-by-hmi-account.kql,02-detection/queries/splunk/OTD-0096__engineering-protocol-session-opened-by-hmi-account.spl,02-detection/sigma/it-dmz-ot-crosszone/19_engineering-protocol-session-opened-by-hmi-account.yml
OTD-0097,Setpoint Change Exceeding Safe Delta Threshold,Sigma: IT/DMZ/OT Cross-Zone,SIGMA:it-dmz-ot-crosszone/21,T0836;T0855,,,,generic,,high,LS-18,Tier 3,PLAYBOOK-OT-02,compiled-from-sigma,02-detection/queries/sentinel/OTD-0097__setpoint-change-exceeding-safe-delta-threshold.kql,02-detection/queries/splunk/OTD-0097__setpoint-change-exceeding-safe-delta-threshold.spl,02-detection/sigma/it-dmz-ot-crosszone/21_setpoint-change-exceeding-safe-delta-threshold.yml
OTD-0098,Redundant Sensor Correlation Divergence,Sigma: IT/DMZ/OT Cross-Zone,SIGMA:it-dmz-ot-crosszone/22,T0804;T0856,,,,generic,,medium,LS-18,Tier 3,PLAYBOOK-OT-09,compiled-from-sigma,02-detection/queries/sentinel/OTD-0098__redundant-sensor-correlation-divergence.kql,02-detection/queries/splunk/OTD-0098__redundant-sensor-correlation-divergence.spl,02-detection/sigma/it-dmz-ot-crosszone/22_redundant-sensor-correlation-divergence.yml
OTD-0099,Zone Enforcement Firewall Rule Hit-Count Anomaly,Sigma: IT/DMZ/OT Cross-Zone,SIGMA:it-dmz-ot-crosszone/24,T0886,,,,generic,,medium,LS-02,Tier 1,,compiled-from-sigma,02-detection/queries/sentinel/OTD-0099__zone-enforcement-firewall-rule-hit-count-anomaly.kql,02-detection/queries/splunk/OTD-0099__zone-enforcement-firewall-rule-hit-count-anomaly.spl,02-detection/sigma/it-dmz-ot-crosszone/24_zone-enforcement-firewall-rule-hit-count-anomaly.yml
OTD-0100,Removable Media Event on DMZ or L3 Asset,Sigma: IT/DMZ/OT Cross-Zone,SIGMA:it-dmz-ot-crosszone/25,T0847,,,,windows,,high,LS-08,Tier 1,PLAYBOOK-OT-01,compiled-from-sigma,02-detection/queries/sentinel/OTD-0100__removable-media-event-on-dmz-or-l3-asset.kql,02-detection/queries/splunk/OTD-0100__removable-media-event-on-dmz-or-l3-asset.spl,02-detection/sigma/it-dmz-ot-crosszone/25_removable-media-event-on-dmz-or-l3-asset.yml
OTD-0101,East-West Traffic Between L1 Controllers Across Process Cells,Sigma: IT/DMZ/OT Cross-Zone,SIGMA:it-dmz-ot-crosszone/26,T0867;T0883,,,,generic,,high,LS-18,Tier 3,PLAYBOOK-OT-07,compiled-from-sigma,02-detection/queries/sentinel/OTD-0101__east-west-traffic-between-l1-controllers-across-process-cell.kql,02-detection/queries/splunk/OTD-0101__east-west-traffic-between-l1-controllers-across-process-cell.spl,02-detection/sigma/it-dmz-ot-crosszone/26_east-west-traffic-between-l1-controllers-across-process-cell.yml
OTD-0102,NTP or Time Desynchronization Anomaly Across IT-OT Path,Sigma: IT/DMZ/OT Cross-Zone,SIGMA:it-dmz-ot-crosszone/27,T0804;T0851,,,,generic,,low,LS-18,Tier 3,,compiled-from-sigma,02-detection/queries/sentinel/OTD-0102__ntp-or-time-desynchronization-anomaly-across-it-ot-path.kql,02-detection/queries/splunk/OTD-0102__ntp-or-time-desynchronization-anomaly-across-it-ot-path.spl,02-detection/sigma/it-dmz-ot-crosszone/27_ntp-or-time-desynchronization-anomaly-across-it-ot-path.yml
OTD-0103,IEC 104 Mass Coordinated Breaker-Open Command Burst,Sigma: Threat Actor,SIGMA:threat-actor/01,T0831;T0855;T0879,,,,iec104,,critical,LS-17;LS-18,Tier 3,PLAYBOOK-OT-07,compiled-from-sigma,02-detection/queries/sentinel/OTD-0103__iec-104-mass-coordinated-breaker-open-command-burst.kql,02-detection/queries/splunk/OTD-0103__iec-104-mass-coordinated-breaker-open-command-burst.spl,02-detection/sigma/threat-actor/01_iec-104-mass-coordinated-breaker-open-command-burst.yml
OTD-0104,Modbus Holding Register Manipulation at Abnormal Cadence,Sigma: Threat Actor,SIGMA:threat-actor/02,T0836;T0855,,,,modbus,,high,LS-06;LS-18,Tier 2;Tier 3,PLAYBOOK-OT-05,compiled-from-sigma,02-detection/queries/sentinel/OTD-0104__modbus-holding-register-manipulation-at-abnormal-cadence.kql,02-detection/queries/splunk/OTD-0104__modbus-holding-register-manipulation-at-abnormal-cadence.spl,02-detection/sigma/threat-actor/02_modbus-holding-register-manipulation-at-abnormal-cadence.yml
OTD-0105,Mass Disk-Wiping Utility Execution Across Multiple Hosts,Sigma: Threat Actor,SIGMA:threat-actor/03,T0826,,,,windows,,critical,LS-08,Tier 1,PLAYBOOK-OT-07,compiled-from-sigma,02-detection/queries/sentinel/OTD-0105__mass-disk-wiping-utility-execution-across-multiple-hosts.kql,02-detection/queries/splunk/OTD-0105__mass-disk-wiping-utility-execution-across-multiple-hosts.spl,02-detection/sigma/threat-actor/03_mass-disk-wiping-utility-execution-across-multiple-hosts.yml
OTD-0106,IEC 61850 GOOSE Unauthorized Publisher or Spoofed Message,Sigma: Threat Actor,SIGMA:threat-actor/04,T0855;T0856,,,,iec61850,,critical,LS-12;LS-18,Tier 2;Tier 3,PLAYBOOK-OT-05,compiled-from-sigma,02-detection/queries/sentinel/OTD-0106__iec-61850-goose-unauthorized-publisher-or-spoofed-message.kql,02-detection/queries/splunk/OTD-0106__iec-61850-goose-unauthorized-publisher-or-spoofed-message.spl,02-detection/sigma/threat-actor/04_iec-61850-goose-unauthorized-publisher-or-spoofed-message.yml
OTD-0107,Mass Lateral Deployment Tooling Preceding Suspected Wiper Activity,Sigma: Threat Actor,SIGMA:threat-actor/05,T0867,,,,windows,,high,LS-08,Tier 1,PLAYBOOK-OT-09,compiled-from-sigma,02-detection/queries/sentinel/OTD-0107__mass-lateral-deployment-tooling-preceding-suspected-wiper-ac.kql,02-detection/queries/splunk/OTD-0107__mass-lateral-deployment-tooling-preceding-suspected-wiper-ac.spl,02-detection/sigma/threat-actor/05_mass-lateral-deployment-tooling-preceding-suspected-wiper-ac.yml
OTD-0108,DNS Tunneling Beacon From OT DMZ or Engineering Host,Sigma: Threat Actor,SIGMA:threat-actor/06,,,,,generic,,high,LS-18,Tier 3,PLAYBOOK-OT-05,compiled-from-sigma,02-detection/queries/sentinel/OTD-0108__dns-tunneling-beacon-from-ot-dmz-or-engineering-host.kql,02-detection/queries/splunk/OTD-0108__dns-tunneling-beacon-from-ot-dmz-or-engineering-host.spl,02-detection/sigma/threat-actor/06_dns-tunneling-beacon-from-ot-dmz-or-engineering-host.yml
OTD-0109,Web Shell Activity on Internet-Facing OT-Adjacent Server,Sigma: Threat Actor,SIGMA:threat-actor/07,,,,,windows,,critical,LS-08,Tier 1,,compiled-from-sigma,02-detection/queries/sentinel/OTD-0109__web-shell-activity-on-internet-facing-ot-adjacent-server.kql,02-detection/queries/splunk/OTD-0109__web-shell-activity-on-internet-facing-ot-adjacent-server.spl,02-detection/sigma/threat-actor/07_web-shell-activity-on-internet-facing-ot-adjacent-server.yml
OTD-0110,Credential Harvesting Tool Execution on Engineering or SCADA Host,Sigma: Threat Actor,SIGMA:threat-actor/08,T0859,,,,windows,,critical,LS-08,Tier 1,PLAYBOOK-OT-05,compiled-from-sigma,02-detection/queries/sentinel/OTD-0110__credential-harvesting-tool-execution-on-engineering-or-scada.kql,02-detection/queries/splunk/OTD-0110__credential-harvesting-tool-execution-on-engineering-or-scada.spl,02-detection/sigma/threat-actor/08_credential-harvesting-tool-execution-on-engineering-or-scada.yml
OTD-0111,Low-and-Slow HTTPS Beaconing Indicative of OilRig-Class Backdoor C2,Sigma: Threat Actor,SIGMA:threat-actor/09,,,,,generic,,medium,LS-18,Tier 3,PLAYBOOK-OT-05,compiled-from-sigma,02-detection/queries/sentinel/OTD-0111__low-and-slow-https-beaconing-indicative-of-oilrig-class-back.kql,02-detection/queries/splunk/OTD-0111__low-and-slow-https-beaconing-indicative-of-oilrig-class-back.spl,02-detection/sigma/threat-actor/09_low-and-slow-https-beaconing-indicative-of-oilrig-class-back.yml
OTD-0112,Shamoon-Style MBR Wiper Execution,Sigma: Threat Actor,SIGMA:threat-actor/10,T0826,,,,windows,,critical,LS-08,Tier 1,,compiled-from-sigma,02-detection/queries/sentinel/OTD-0112__shamoon-style-mbr-wiper-execution.kql,02-detection/queries/splunk/OTD-0112__shamoon-style-mbr-wiper-execution.spl,02-detection/sigma/threat-actor/10_shamoon-style-mbr-wiper-execution.yml
OTD-0113,Password Spray Against OT Remote Access Portal,Sigma: Threat Actor,SIGMA:threat-actor/11,,,,,vpn,,high,LS-04;LS-20,Tier 1,PLAYBOOK-OT-05,compiled-from-sigma,02-detection/queries/sentinel/OTD-0113__password-spray-against-ot-remote-access-portal.kql,02-detection/queries/splunk/OTD-0113__password-spray-against-ot-remote-access-portal.spl,02-detection/sigma/threat-actor/11_password-spray-against-ot-remote-access-portal.yml
OTD-0114,Mass Malware Spreader Tool Execution Across Multiple Hosts,Sigma: Threat Actor,SIGMA:threat-actor/12,,,,,windows,,critical,LS-08,Tier 1,PLAYBOOK-OT-04,compiled-from-sigma,02-detection/queries/sentinel/OTD-0114__mass-malware-spreader-tool-execution-across-multiple-hosts.kql,02-detection/queries/splunk/OTD-0114__mass-malware-spreader-tool-execution-across-multiple-hosts.spl,02-detection/sigma/threat-actor/12_mass-malware-spreader-tool-execution-across-multiple-hosts.yml
OTD-0115,OPC UA Server Enumeration Followed by Node Value Tampering,Sigma: Threat Actor,SIGMA:threat-actor/13,T0846;T0856,,,,opcua,,high,LS-18,Tier 3,PLAYBOOK-OT-09,compiled-from-sigma,02-detection/queries/sentinel/OTD-0115__opc-ua-server-enumeration-followed-by-node-value-tampering.kql,02-detection/queries/splunk/OTD-0115__opc-ua-server-enumeration-followed-by-node-value-tampering.spl,02-detection/sigma/threat-actor/13_opc-ua-server-enumeration-followed-by-node-value-tampering.yml
OTD-0116,CODESYS Protocol Command to Schneider Controller From Non-Engineering Host,Sigma: Threat Actor,SIGMA:threat-actor/14,T0814;T0843;T0859,,,,codesys,,critical,LS-18,Tier 3,PLAYBOOK-OT-01,compiled-from-sigma,02-detection/queries/sentinel/OTD-0116__codesys-protocol-command-to-schneider-controller-from-non-en.kql,02-detection/queries/splunk/OTD-0116__codesys-protocol-command-to-schneider-controller-from-non-en.spl,02-detection/sigma/threat-actor/14_codesys-protocol-command-to-schneider-controller-from-non-en.yml
OTD-0117,OMRON FINS/HTTP Backdoor Command Execution,Sigma: Threat Actor,SIGMA:threat-actor/15,T0859;T0883,,,,fins,,high,LS-18,Tier 3,PLAYBOOK-OT-07,compiled-from-sigma,02-detection/queries/sentinel/OTD-0117__omron-fins-http-backdoor-command-execution.kql,02-detection/queries/splunk/OTD-0117__omron-fins-http-backdoor-command-execution.spl,02-detection/sigma/threat-actor/15_omron-fins-http-backdoor-command-execution.yml
OTD-0118,ASRock RGB Driver Exploitation Attempt (CVE-2020-15368),Sigma: Threat Actor,SIGMA:threat-actor/16,,,,,windows,,critical,LS-08,Tier 1,PLAYBOOK-OT-05,compiled-from-sigma,02-detection/queries/sentinel/OTD-0118__asrock-rgb-driver-exploitation-attempt-cve-2020-15368.kql,02-detection/queries/splunk/OTD-0118__asrock-rgb-driver-exploitation-attempt-cve-2020-15368.spl,02-detection/sigma/threat-actor/16_asrock-rgb-driver-exploitation-attempt-cve-2020-15368.yml
OTD-0119,Triconex Safety Controller Engineering Session From Unauthorized Host,Sigma: Threat Actor,SIGMA:threat-actor/17,T0800;T0837;T0859,,,,tristation,,critical,LS-07;LS-18,Tier 2;Tier 3,PLAYBOOK-OT-05,compiled-from-sigma,02-detection/queries/sentinel/OTD-0119__triconex-safety-controller-engineering-session-from-unauthor.kql,02-detection/queries/splunk/OTD-0119__triconex-safety-controller-engineering-session-from-unauthor.spl,02-detection/sigma/threat-actor/17_triconex-safety-controller-engineering-session-from-unauthor.yml
OTD-0120,Safety Controller Key-Switch or Mode Change Outside Proof-Test Window,Sigma: Threat Actor,SIGMA:threat-actor/18,T0800;T0858,,,,tristation,,critical,LS-07;LS-18,Tier 2;Tier 3,PLAYBOOK-OT-05,compiled-from-sigma,02-detection/queries/sentinel/OTD-0120__safety-controller-key-switch-or-mode-change-outside-proof-te.kql,02-detection/queries/splunk/OTD-0120__safety-controller-key-switch-or-mode-change-outside-proof-te.spl,02-detection/sigma/threat-actor/18_safety-controller-key-switch-or-mode-change-outside-proof-te.yml
OTD-0121,Engineering Workstation Reflective/Memory-Only Process Injection,Sigma: Threat Actor,SIGMA:threat-actor/19,T0851,,,,windows,,high,LS-08,Tier 1,PLAYBOOK-OT-03,compiled-from-sigma,02-detection/queries/sentinel/OTD-0121__engineering-workstation-reflective-memory-only-process-injec.kql,02-detection/queries/splunk/OTD-0121__engineering-workstation-reflective-memory-only-process-injec.spl,02-detection/sigma/threat-actor/19_engineering-workstation-reflective-memory-only-process-injec.yml
OTD-0122,Mass File Encryption or Rename Activity on OT Historian or Engineering Host,Sigma: Threat Actor,SIGMA:threat-actor/20,T0826,,,,windows,,critical,LS-08,Tier 1,PLAYBOOK-OT-01,compiled-from-sigma,02-detection/queries/sentinel/OTD-0122__mass-file-encryption-or-rename-activity-on-ot-historian-or-e.kql,02-detection/queries/splunk/OTD-0122__mass-file-encryption-or-rename-activity-on-ot-historian-or-e.spl,02-detection/sigma/threat-actor/20_mass-file-encryption-or-rename-activity-on-ot-historian-or-e.yml
OTD-0123,Unitronics Vision PLC Default Port Access (BAUXITE Pattern),Sigma: CTI Advisory,SIGMA:advisory/01,T0806;T0810,,,,generic,,critical,LS-18,Tier 3,,compiled-from-sigma,02-detection/queries/sentinel/OTD-0123__unitronics-vision-plc-default-port-access-bauxite-pattern.kql,02-detection/queries/splunk/OTD-0123__unitronics-vision-plc-default-port-access-bauxite-pattern.spl,02-detection/sigma/advisory/01_unitronics-vision-plc-default-port-access-bauxite-pattern.yml
OTD-0124,HMI Display Screen Defacement or Unauthorized Image/Text Overwrite,Sigma: CTI Advisory,SIGMA:advisory/02,T0829;T0831,,,,windows,,critical,LS-08,Tier 1,PLAYBOOK-OT-03,compiled-from-sigma,02-detection/queries/sentinel/OTD-0124__hmi-display-screen-defacement-or-unauthorized-image-text-ove.kql,02-detection/queries/splunk/OTD-0124__hmi-display-screen-defacement-or-unauthorized-image-text-ove.spl,02-detection/sigma/advisory/02_hmi-display-screen-defacement-or-unauthorized-image-text-ove.yml
OTD-0125,Post-Unitronics-Compromise Lateral Movement via SMB/RDP From PLC Network Segment,Sigma: CTI Advisory,SIGMA:advisory/03,T0867,,,,generic,,high,LS-02,Tier 1,PLAYBOOK-OT-05,compiled-from-sigma,02-detection/queries/sentinel/OTD-0125__post-unitronics-compromise-lateral-movement-via-smb-rdp-from.kql,02-detection/queries/splunk/OTD-0125__post-unitronics-compromise-lateral-movement-via-smb-rdp-from.spl,02-detection/sigma/advisory/03_post-unitronics-compromise-lateral-movement-via-smb-rdp-from.yml
OTD-0126,Remote Management Tool Installation on OT-Adjacent Host (MuddyWater Pattern),Sigma: CTI Advisory,SIGMA:advisory/04,T0883,,,,windows,,high,LS-08,Tier 1,,compiled-from-sigma,02-detection/queries/sentinel/OTD-0126__remote-management-tool-installation-on-ot-adjacent-host-mudd.kql,02-detection/queries/splunk/OTD-0126__remote-management-tool-installation-on-ot-adjacent-host-mudd.spl,02-detection/sigma/advisory/04_remote-management-tool-installation-on-ot-adjacent-host-mudd.yml
OTD-0127,Bulk Exfiltration of OT Documentation and Network Diagrams (Moses Staff Pattern),Sigma: CTI Advisory,SIGMA:advisory/05,T0811,,,,windows,,high,LS-08,Tier 1,,compiled-from-sigma,02-detection/queries/sentinel/OTD-0127__bulk-exfiltration-of-ot-documentation-and-network-diagrams-m.kql,02-detection/queries/splunk/OTD-0127__bulk-exfiltration-of-ot-documentation-and-network-diagrams-m.spl,02-detection/sigma/advisory/05_bulk-exfiltration-of-ot-documentation-and-network-diagrams-m.yml
OTD-0128,Ransomware Precursor — Lateral Movement Targeting Historian or SCADA Hostnames,Sigma: CTI Advisory,SIGMA:advisory/06,T0888,,,,windows,,high,LS-08;LS-20,Tier 1,PLAYBOOK-OT-09,compiled-from-sigma,02-detection/queries/sentinel/OTD-0128__ransomware-precursor-lateral-movement-targeting-historian-or.kql,02-detection/queries/splunk/OTD-0128__ransomware-precursor-lateral-movement-targeting-historian-or.spl,02-detection/sigma/advisory/06_ransomware-precursor-lateral-movement-targeting-historian-or.yml
OTD-0129,Mass File Transfer Appliance Exploitation Preceding OT Document Theft (Cl0p Pattern),Sigma: CTI Advisory,SIGMA:advisory/07,,,,,windows,,critical,LS-08,Tier 1,,compiled-from-sigma,02-detection/queries/sentinel/OTD-0129__mass-file-transfer-appliance-exploitation-preceding-ot-docum.kql,02-detection/queries/splunk/OTD-0129__mass-file-transfer-appliance-exploitation-preceding-ot-docum.spl,02-detection/sigma/advisory/07_mass-file-transfer-appliance-exploitation-preceding-ot-docum.yml
OTD-0130,Sensor Gateway Mass Filesystem Wipe or RS485/MBus Disruption (Fuxnet Pattern),Sigma: CTI Advisory,SIGMA:advisory/08,T0826,,,,generic,,critical,LS-18,Tier 3,PLAYBOOK-OT-09,compiled-from-sigma,02-detection/queries/sentinel/OTD-0130__sensor-gateway-mass-filesystem-wipe-or-rs485-mbus-disruption.kql,02-detection/queries/splunk/OTD-0130__sensor-gateway-mass-filesystem-wipe-or-rs485-mbus-disruption.spl,02-detection/sigma/advisory/08_sensor-gateway-mass-filesystem-wipe-or-rs485-mbus-disruption.yml
OTD-0131,Coordinated Multi-Site SCADA Command Triggering Mass Manual-Fallback (Predatory Sparrow-Class Pattern),Sigma: CTI Advisory,SIGMA:advisory/09,T0826;T0855,,,,generic,,critical,LS-18,Tier 3,PLAYBOOK-OT-07,compiled-from-sigma,02-detection/queries/sentinel/OTD-0131__coordinated-multi-site-scada-command-triggering-mass-manual.kql,02-detection/queries/splunk/OTD-0131__coordinated-multi-site-scada-command-triggering-mass-manual.spl,02-detection/sigma/advisory/09_coordinated-multi-site-scada-command-triggering-mass-manual.yml
OTD-0132,Password Spray Against Cloud Identity Tenant Serving OT-Adjacent Accounts,Sigma: CTI Advisory,SIGMA:advisory/10,,,,,azuread,,high,LS-20,Tier 1,PLAYBOOK-OT-06,compiled-from-sigma,02-detection/queries/sentinel/OTD-0132__password-spray-against-cloud-identity-tenant-serving-ot-adja.kql,02-detection/queries/splunk/OTD-0132__password-spray-against-cloud-identity-tenant-serving-ot-adja.spl,02-detection/sigma/advisory/10_password-spray-against-cloud-identity-tenant-serving-ot-adja.yml
OTD-0133,Security Event Log Cleared on OT Network System,Sigma: CTI Advisory,SIGMA:advisory/11,T0851,,,,windows,,critical,LS-08,Tier 1,PLAYBOOK-OT-04,compiled-from-sigma,02-detection/queries/sentinel/OTD-0133__security-event-log-cleared-on-ot-network-system.kql,02-detection/queries/splunk/OTD-0133__security-event-log-cleared-on-ot-network-system.spl,02-detection/sigma/advisory/11_security-event-log-cleared-on-ot-network-system.yml
OTD-0134,PLC Configuration Drift From Verified Offline Backup,Sigma: CTI Advisory,SIGMA:advisory/12,T0839;T0873,,,,generic,,critical,LS-18,Tier 3,PLAYBOOK-OT-05,compiled-from-sigma,02-detection/queries/sentinel/OTD-0134__plc-configuration-drift-from-verified-offline-backup.kql,02-detection/queries/splunk/OTD-0134__plc-configuration-drift-from-verified-offline-backup.spl,02-detection/sigma/advisory/12_plc-configuration-drift-from-verified-offline-backup.yml
OTD-0135,Historian Query Pattern Anomaly From IT-Network Host,Sigma: CTI Advisory,SIGMA:advisory/13,T0801;T0811,,,,generic,,medium,LS-18,Tier 3,PLAYBOOK-OT-05,compiled-from-sigma,02-detection/queries/sentinel/OTD-0135__historian-query-pattern-anomaly-from-it-network-host.kql,02-detection/queries/splunk/OTD-0135__historian-query-pattern-anomaly-from-it-network-host.spl,02-detection/sigma/advisory/13_historian-query-pattern-anomaly-from-it-network-host.yml
OTD-0136,Engineering Workstation Outbound Connection to Infrastructure Outside Approved List,Sigma: CTI Advisory,SIGMA:advisory/14,T0883,,,,generic,,high,LS-18,Tier 3,PLAYBOOK-OT-05,compiled-from-sigma,02-detection/queries/sentinel/OTD-0136__engineering-workstation-outbound-connection-to-infrastructur.kql,02-detection/queries/splunk/OTD-0136__engineering-workstation-outbound-connection-to-infrastructur.spl,02-detection/sigma/advisory/14_engineering-workstation-outbound-connection-to-infrastructur.yml
OTD-0137,Vendor VPN Authentication Outside Approved Window or Geography,Sigma: CTI Advisory,SIGMA:advisory/15,T0883,,,,vpn,,medium,LS-04;LS-20,Tier 1,PLAYBOOK-OT-05,compiled-from-sigma,02-detection/queries/sentinel/OTD-0137__vendor-vpn-authentication-outside-approved-window-or-geograp.kql,02-detection/queries/splunk/OTD-0137__vendor-vpn-authentication-outside-approved-window-or-geograp.spl,02-detection/sigma/advisory/15_vendor-vpn-authentication-outside-approved-window-or-geograp.yml
OTD-0138,Dormant Vendor Account First-Use After Extended Inactivity,Sigma: CTI Advisory,SIGMA:advisory/16,T0859,,,,generic,,high,LS-20,Tier 1,PLAYBOOK-OT-05,compiled-from-sigma,02-detection/queries/sentinel/OTD-0138__dormant-vendor-account-first-use-after-extended-inactivity.kql,02-detection/queries/splunk/OTD-0138__dormant-vendor-account-first-use-after-extended-inactivity.spl,02-detection/sigma/advisory/16_dormant-vendor-account-first-use-after-extended-inactivity.yml
OTD-0139,Unauthenticated Modbus/DNP3 Traffic Through Legacy Serial-to-Ethernet Gateway,Sigma: CTI Advisory,SIGMA:advisory/17,T0846;T0855,,,,generic,,high,LS-18,Tier 3,PLAYBOOK-OT-07,compiled-from-sigma,02-detection/queries/sentinel/OTD-0139__unauthenticated-modbus-dnp3-traffic-through-legacy-serial-to.kql,02-detection/queries/splunk/OTD-0139__unauthenticated-modbus-dnp3-traffic-through-legacy-serial-to.spl,02-detection/sigma/advisory/17_unauthenticated-modbus-dnp3-traffic-through-legacy-serial-to.yml
OTD-0140,Unauthorized Association to Industrial Wireless Network (WirelessHART/ISA100/OT Wi-Fi),Sigma: CTI Advisory,SIGMA:advisory/18,T0822;T0846,,,,generic,,high,LS-05,Tier 1,PLAYBOOK-OT-08,compiled-from-sigma,02-detection/queries/sentinel/OTD-0140__unauthorized-association-to-industrial-wireless-network-wire.kql,02-detection/queries/splunk/OTD-0140__unauthorized-association-to-industrial-wireless-network-wire.spl,02-detection/sigma/advisory/18_unauthorized-association-to-industrial-wireless-network-wire.yml
OTD-0141,OT Cloud Agent Unexpected Outbound Data Pathway,Sigma: CTI Advisory,SIGMA:advisory/19,T0846,,,,generic,,medium,LS-02,Tier 1,PLAYBOOK-OT-06,compiled-from-sigma,02-detection/queries/sentinel/OTD-0141__ot-cloud-agent-unexpected-outbound-data-pathway.kql,02-detection/queries/splunk/OTD-0141__ot-cloud-agent-unexpected-outbound-data-pathway.spl,02-detection/sigma/advisory/19_ot-cloud-agent-unexpected-outbound-data-pathway.yml
OTD-0142,Spearphishing Lure Execution by OT Engineering Personnel,Sigma: CTI Advisory,SIGMA:advisory/20,,,,,windows,,critical,LS-08,Tier 1,PLAYBOOK-OT-04,compiled-from-sigma,02-detection/queries/sentinel/OTD-0142__spearphishing-lure-execution-by-ot-engineering-personnel.kql,02-detection/queries/splunk/OTD-0142__spearphishing-lure-execution-by-ot-engineering-personnel.spl,02-detection/sigma/advisory/20_spearphishing-lure-execution-by-ot-engineering-personnel.yml
OTD-0143,Command ASDU from non-master,OT Protocol Defense (NDR),104-01,T0855,,,,IEC-104,,critical,LS-17;LS-18,Tier 3,PLAYBOOK-OT-07,scaffold,02-detection/queries/sentinel/OTD-0143__command-asdu-from-non-master.kql,02-detection/queries/splunk/OTD-0143__command-asdu-from-non-master.spl,
OTD-0144,Setpoint command,OT Protocol Defense (NDR),104-02,T0836,,,,IEC-104,,high,LS-17;LS-18,Tier 3,PLAYBOOK-OT-02,scaffold,02-detection/queries/sentinel/OTD-0144__setpoint-command.kql,02-detection/queries/splunk/OTD-0144__setpoint-command.spl,
OTD-0145,Interrogation recon,OT Protocol Defense (NDR),104-03,T0846,,,,IEC-104,,medium,LS-17;LS-18,Tier 3,PLAYBOOK-OT-07,scaffold,02-detection/queries/sentinel/OTD-0145__interrogation-recon.kql,02-detection/queries/splunk/OTD-0145__interrogation-recon.spl,
OTD-0146,Clock-sync/reset abuse,OT Protocol Defense (NDR),104-04,T0814,,,,IEC-104,,high,LS-17;LS-18,Tier 3,PLAYBOOK-OT-07,scaffold,02-detection/queries/sentinel/OTD-0146__clock-sync-reset-abuse.kql,02-detection/queries/splunk/OTD-0146__clock-sync-reset-abuse.spl,
OTD-0147,MMS control Operate from non-master,OT Protocol Defense (NDR),61850-01,T0855,,,,IEC 61850,,critical,LS-12;LS-18,Tier 2;Tier 3,PLAYBOOK-OT-07,scaffold,02-detection/queries/sentinel/OTD-0147__mms-control-operate-from-non-master.kql,02-detection/queries/splunk/OTD-0147__mms-control-operate-from-non-master.spl,
OTD-0148,MMS write to named variable,OT Protocol Defense (NDR),61850-02,T0836,,,,IEC 61850,,high,LS-12;LS-18,Tier 2;Tier 3,PLAYBOOK-OT-07,scaffold,02-detection/queries/sentinel/OTD-0148__mms-write-to-named-variable.kql,02-detection/queries/splunk/OTD-0148__mms-write-to-named-variable.spl,
OTD-0149,GOOSE stNum/sqNum anomaly,OT Protocol Defense (NDR),61850-03,T0856,,,,IEC 61850,,critical,LS-12;LS-18,Tier 2;Tier 3,PLAYBOOK-OT-07,scaffold,02-detection/queries/sentinel/OTD-0149__goose-stnum-sqnum-anomaly.kql,02-detection/queries/splunk/OTD-0149__goose-stnum-sqnum-anomaly.spl,
OTD-0150,GOOSE from unexpected source,OT Protocol Defense (NDR),61850-04,T0856,,,,IEC 61850,,high,LS-12;LS-18,Tier 2;Tier 3,PLAYBOOK-OT-07,scaffold,02-detection/queries/sentinel/OTD-0150__goose-from-unexpected-source.kql,02-detection/queries/splunk/OTD-0150__goose-from-unexpected-source.spl,
OTD-0151,WriteProperty to command object,OT Protocol Defense (NDR),BAC-01,T0836,,,,BACnet,,high,LS-18,Tier 3,PLAYBOOK-OT-07,scaffold,02-detection/queries/sentinel/OTD-0151__writeproperty-to-command-object.kql,02-detection/queries/splunk/OTD-0151__writeproperty-to-command-object.spl,
OTD-0152,Who-Is sweep (recon),OT Protocol Defense (NDR),BAC-02,T0846,,,,BACnet,,medium,LS-18,Tier 3,PLAYBOOK-OT-07,scaffold,02-detection/queries/sentinel/OTD-0152__who-is-sweep-recon.kql,02-detection/queries/splunk/OTD-0152__who-is-sweep-recon.spl,
OTD-0153,DeviceCommunicationControl,OT Protocol Defense (NDR),BAC-03,T0814,,,,BACnet,,high,LS-18,Tier 3,PLAYBOOK-OT-07,scaffold,02-detection/queries/sentinel/OTD-0153__devicecommunicationcontrol.kql,02-detection/queries/splunk/OTD-0153__devicecommunicationcontrol.spl,
OTD-0154,ReinitializeDevice,OT Protocol Defense (NDR),BAC-04,T0816,,,,BACnet,,high,LS-18,Tier 3,PLAYBOOK-OT-01,scaffold,02-detection/queries/sentinel/OTD-0154__reinitializedevice.kql,02-detection/queries/splunk/OTD-0154__reinitializedevice.spl,
OTD-0155,Operate from non-master,OT Protocol Defense (NDR),DNP3-01,T0855,,,,DNP3,,critical,LS-17;LS-18,Tier 3,PLAYBOOK-OT-07,scaffold,02-detection/queries/sentinel/OTD-0155__operate-from-non-master.kql,02-detection/queries/splunk/OTD-0155__operate-from-non-master.spl,
OTD-0156,Unsolicited-response anomaly,OT Protocol Defense (NDR),DNP3-04,T0856,,,,DNP3,,high,LS-17;LS-18,Tier 3,PLAYBOOK-OT-07,scaffold,02-detection/queries/sentinel/OTD-0156__unsolicited-response-anomaly.kql,02-detection/queries/splunk/OTD-0156__unsolicited-response-anomaly.spl,
OTD-0157,Tag/Set_Attribute write from non-controller,OT Protocol Defense (NDR),ENIP-01,T0836,,,,EtherNet/IP,,high,LS-18,Tier 3,PLAYBOOK-OT-09,scaffold,02-detection/queries/sentinel/OTD-0157__tag-set-attribute-write-from-non-controller.kql,02-detection/queries/splunk/OTD-0157__tag-set-attribute-write-from-non-controller.spl,
OTD-0158,ListIdentity sweep,OT Protocol Defense (NDR),ENIP-02,T0846,,,,EtherNet/IP,,medium,LS-18,Tier 3,PLAYBOOK-OT-06,scaffold,02-detection/queries/sentinel/OTD-0158__listidentity-sweep.kql,02-detection/queries/splunk/OTD-0158__listidentity-sweep.spl,
OTD-0159,forward_open from unexpected source,OT Protocol Defense (NDR),ENIP-03,T0855,,,,EtherNet/IP,,high,LS-18,Tier 3,PLAYBOOK-OT-07,scaffold,02-detection/queries/sentinel/OTD-0159__forward-open-from-unexpected-source.kql,02-detection/queries/splunk/OTD-0159__forward-open-from-unexpected-source.spl,
OTD-0160,Write to config class,OT Protocol Defense (NDR),ENIP-04,T0836,,,,EtherNet/IP,,high,LS-18,Tier 3,PLAYBOOK-OT-06,scaffold,02-detection/queries/sentinel/OTD-0160__write-to-config-class.kql,02-detection/queries/splunk/OTD-0160__write-to-config-class.spl,
OTD-0161,Anonymous FTP login to OT device,OT Protocol Defense (NDR),FTP-01,T0822,,,,FTP,,high,LS-18,Tier 3,,scaffold,02-detection/queries/sentinel/OTD-0161__anonymous-ftp-login-to-ot-device.kql,02-detection/queries/splunk/OTD-0161__anonymous-ftp-login-to-ot-device.spl,
OTD-0162,FTP brute force,OT Protocol Defense (NDR),FTP-02,T0859,,,,FTP,,high,LS-18,Tier 3,PLAYBOOK-OT-06,scaffold,02-detection/queries/sentinel/OTD-0162__ftp-brute-force.kql,02-detection/queries/splunk/OTD-0162__ftp-brute-force.spl,
OTD-0163,Upload to a control device,OT Protocol Defense (NDR),FTP-03,T0839,,,,FTP,,high,LS-18,Tier 3,PLAYBOOK-OT-07,scaffold,02-detection/queries/sentinel/OTD-0163__upload-to-a-control-device.kql,02-detection/queries/splunk/OTD-0163__upload-to-a-control-device.spl,
OTD-0164,Firmware/project file transfer,OT Protocol Defense (NDR),FTP-04,T0873,,,,FTP,,high,LS-18,Tier 3,PLAYBOOK-OT-03,scaffold,02-detection/queries/sentinel/OTD-0164__firmware-project-file-transfer.kql,02-detection/queries/splunk/OTD-0164__firmware-project-file-transfer.spl,
OTD-0165,Web login brute force,OT Protocol Defense (NDR),HTTP-01,T0859,,,,HTTP,,high,LS-18,Tier 3,PLAYBOOK-OT-06,scaffold,02-detection/queries/sentinel/OTD-0165__web-login-brute-force.kql,02-detection/queries/splunk/OTD-0165__web-login-brute-force.spl,
OTD-0166,Directory/endpoint enumeration,OT Protocol Defense (NDR),HTTP-02,T0846,,,,HTTP,,medium,LS-18,Tier 3,,scaffold,02-detection/queries/sentinel/OTD-0166__directory-endpoint-enumeration.kql,02-detection/queries/splunk/OTD-0166__directory-endpoint-enumeration.spl,
OTD-0167,New client to device web UI,OT Protocol Defense (NDR),HTTP-03,T0822,,,,HTTP,,medium,LS-18,Tier 3,PLAYBOOK-OT-08,scaffold,02-detection/queries/sentinel/OTD-0167__new-client-to-device-web-ui.kql,02-detection/queries/splunk/OTD-0167__new-client-to-device-web-ui.spl,
OTD-0168,Post-login control action,OT Protocol Defense (NDR),HTTP-04,T0831,,,,HTTP,,high,LS-18,Tier 3,PLAYBOOK-OT-07,scaffold,02-detection/queries/sentinel/OTD-0168__post-login-control-action.kql,02-detection/queries/splunk/OTD-0168__post-login-control-action.spl,
OTD-0169,Write to critical register,OT Protocol Defense (NDR),MOD-02,T0836,,,,Modbus,,critical,LS-06;LS-10;LS-18,Tier 2;Tier 3,PLAYBOOK-OT-05,scaffold,02-detection/queries/sentinel/OTD-0169__write-to-critical-register.kql,02-detection/queries/splunk/OTD-0169__write-to-critical-register.spl,
OTD-0170,Diagnostic abuse,OT Protocol Defense (NDR),MOD-04,T0814,,,,Modbus,,high,LS-06;LS-18,Tier 2;Tier 3,PLAYBOOK-OT-07,scaffold,02-detection/queries/sentinel/OTD-0170__diagnostic-abuse.kql,02-detection/queries/splunk/OTD-0170__diagnostic-abuse.spl,
OTD-0171,Cross-zone Modbus,OT Protocol Defense (NDR),MOD-05,T0885,,,,Modbus,,high,LS-02;LS-06;LS-18,Tier 1;Tier 2;Tier 3,PLAYBOOK-OT-07,scaffold,02-detection/queries/sentinel/OTD-0171__cross-zone-modbus.kql,02-detection/queries/splunk/OTD-0171__cross-zone-modbus.spl,
OTD-0172,Publish to command topic,OT Protocol Defense (NDR),MQTT-01,T0855,,,,MQTT,,high,LS-03;LS-18,Tier 1;Tier 3,PLAYBOOK-OT-07,scaffold,02-detection/queries/sentinel/OTD-0172__publish-to-command-topic.kql,02-detection/queries/splunk/OTD-0172__publish-to-command-topic.spl,
OTD-0173,Wildcard subscribe (mass recon),OT Protocol Defense (NDR),MQTT-02,T0846,,,,MQTT,,medium,LS-03;LS-18,Tier 1;Tier 3,PLAYBOOK-OT-07,scaffold,02-detection/queries/sentinel/OTD-0173__wildcard-subscribe-mass-recon.kql,02-detection/queries/splunk/OTD-0173__wildcard-subscribe-mass-recon.spl,
OTD-0174,Anonymous/new client connect,OT Protocol Defense (NDR),MQTT-03,T0822,,,,MQTT,,medium,LS-03;LS-18,Tier 1;Tier 3,PLAYBOOK-OT-08,scaffold,02-detection/queries/sentinel/OTD-0174__anonymous-new-client-connect.kql,02-detection/queries/splunk/OTD-0174__anonymous-new-client-connect.spl,
OTD-0175,Retained-message tampering,OT Protocol Defense (NDR),MQTT-04,T0856,,,,MQTT,,high,LS-18,Tier 3,PLAYBOOK-OT-07,scaffold,02-detection/queries/sentinel/OTD-0175__retained-message-tampering.kql,02-detection/queries/splunk/OTD-0175__retained-message-tampering.spl,
OTD-0176,Anonymous/None session,OT Protocol Defense (NDR),OPC-01,T0859,,,,OPC UA,,high,LS-18,Tier 3,PLAYBOOK-OT-07,scaffold,02-detection/queries/sentinel/OTD-0176__anonymous-none-session.kql,02-detection/queries/splunk/OTD-0176__anonymous-none-session.spl,
OTD-0177,Write to command node,OT Protocol Defense (NDR),OPC-02,T0836,,,,OPC UA,,high,LS-18,Tier 3,PLAYBOOK-OT-07,scaffold,02-detection/queries/sentinel/OTD-0177__write-to-command-node.kql,02-detection/queries/splunk/OTD-0177__write-to-command-node.spl,
OTD-0178,CallMethod to control method,OT Protocol Defense (NDR),OPC-03,T0831,,,,OPC UA,,high,LS-18,Tier 3,PLAYBOOK-OT-07,scaffold,02-detection/queries/sentinel/OTD-0178__callmethod-to-control-method.kql,02-detection/queries/splunk/OTD-0178__callmethod-to-control-method.spl,
OTD-0179,Browse sweep (recon),OT Protocol Defense (NDR),OPC-04,T0846,,,,OPC UA,,medium,LS-18,Tier 3,PLAYBOOK-OT-08,scaffold,02-detection/queries/sentinel/OTD-0179__browse-sweep-recon.kql,02-detection/queries/splunk/OTD-0179__browse-sweep-recon.spl,
OTD-0180,PLC STOP/START,OT Protocol Defense (NDR),S7-01,T0813,,,,S7comm,,critical,LS-06;LS-18,Tier 2;Tier 3,PLAYBOOK-OT-07,scaffold,02-detection/queries/sentinel/OTD-0180__plc-stop-start.kql,02-detection/queries/splunk/OTD-0180__plc-stop-start.spl,
OTD-0181,Program upload (logic theft),OT Protocol Defense (NDR),S7-03,T0845,,,,S7comm,,high,LS-06;LS-18,Tier 2;Tier 3,PLAYBOOK-OT-03,scaffold,02-detection/queries/sentinel/OTD-0181__program-upload-logic-theft.kql,02-detection/queries/splunk/OTD-0181__program-upload-logic-theft.spl,
OTD-0182,Write from non-engineering source,OT Protocol Defense (NDR),S7-04,T0836,,,,S7comm,,high,LS-06;LS-18,Tier 2;Tier 3,PLAYBOOK-OT-07,scaffold,02-detection/queries/sentinel/OTD-0182__write-from-non-engineering-source.kql,02-detection/queries/splunk/OTD-0182__write-from-non-engineering-source.spl,
OTD-0183,SZL/system recon,OT Protocol Defense (NDR),S7-05,T0888,,,,S7comm,,medium,LS-06;LS-18,Tier 2;Tier 3,PLAYBOOK-OT-07,scaffold,02-detection/queries/sentinel/OTD-0183__szl-system-recon.kql,02-detection/queries/splunk/OTD-0183__szl-system-recon.spl,
OTD-0184,Vertical scan,OT Protocol Defense (NDR),SCAN-02,T0840,,,,Scanning,,medium,LS-02;LS-18,Tier 1;Tier 3,,scaffold,02-detection/queries/sentinel/OTD-0184__vertical-scan.kql,02-detection/queries/splunk/OTD-0184__vertical-scan.spl,
OTD-0185,Scan from unexpected source,OT Protocol Defense (NDR),SCAN-03,T0846,,,,Scanning,,high,LS-18,Tier 3,,scaffold,02-detection/queries/sentinel/OTD-0185__scan-from-unexpected-source.kql,02-detection/queries/splunk/OTD-0185__scan-from-unexpected-source.spl,
OTD-0186,OT control-port probing,OT Protocol Defense (NDR),SCAN-04,T0846,,,,Scanning,,high,LS-18,Tier 3,PLAYBOOK-OT-07,scaffold,02-detection/queries/sentinel/OTD-0186__ot-control-port-probing.kql,02-detection/queries/splunk/OTD-0186__ot-control-port-probing.spl,
OTD-0187,VNC to a control host,OT Protocol Defense (NDR),VNC-01,T0822,,,,VNC,,high,LS-18,Tier 3,PLAYBOOK-OT-07,scaffold,02-detection/queries/sentinel/OTD-0187__vnc-to-a-control-host.kql,02-detection/queries/splunk/OTD-0187__vnc-to-a-control-host.spl,
OTD-0188,VNC from unexpected source,OT Protocol Defense (NDR),VNC-02,T0822,,,,VNC,,high,LS-18,Tier 3,,scaffold,02-detection/queries/sentinel/OTD-0188__vnc-from-unexpected-source.kql,02-detection/queries/splunk/OTD-0188__vnc-from-unexpected-source.spl,
OTD-0189,Post-session engineering activity,OT Protocol Defense (NDR),VNC-03,T0843,,,,VNC,,critical,LS-06;LS-08;LS-18,Tier 1;Tier 2;Tier 3,PLAYBOOK-OT-03,scaffold,02-detection/queries/sentinel/OTD-0189__post-session-engineering-activity.kql,02-detection/queries/splunk/OTD-0189__post-session-engineering-activity.spl,
OTD-0190,Cross-zone VNC,OT Protocol Defense (NDR),VNC-04,T0822,,,,VNC,,high,LS-02;LS-18,Tier 1;Tier 3,,scaffold,02-detection/queries/sentinel/OTD-0190__cross-zone-vnc.kql,02-detection/queries/splunk/OTD-0190__cross-zone-vnc.spl,
OTD-0191,Tag out of operating envelope,OT Historian Detection,HIST-A01,T0836;T0831,,,L3,,,medium,LS-10,Tier 2,PLAYBOOK-OT-03,authored,02-detection/historian/A-statistical-envelope/A01-tag-out-of-envelope/sentinel.kql,02-detection/historian/A-statistical-envelope/A01-tag-out-of-envelope/splunk.spl,02-detection/historian/A-statistical-envelope/A01-tag-out-of-envelope
OTD-0192,Setpoint outside approved range,OT Historian Detection,HIST-B01,T0836,,,L3,,,high,LS-10,Tier 2,PLAYBOOK-OT-02,authored,02-detection/historian/B-setpoint-control/B01-setpoint-outside-range/sentinel.kql,02-detection/historian/B-setpoint-control/B01-setpoint-outside-range/splunk.spl,02-detection/historian/B-setpoint-control/B01-setpoint-outside-range
OTD-0193,Frozen value / replay,OT Historian Detection,HIST-C01,T0856;T0815,,,L3,,,medium,LS-10,Tier 2,PLAYBOOK-OT-09,authored,02-detection/historian/C-replay-stale/C01-frozen-value-replay/sentinel.kql,02-detection/historian/C-replay-stale/C01-frozen-value-replay/splunk.spl,02-detection/historian/C-replay-stale/C01-frozen-value-replay
OTD-0194,Impossible state combination,OT Historian Detection,HIST-D02,T0835;T0831,,,L3,,,high,LS-10,Tier 2,PLAYBOOK-OT-09,authored,02-detection/historian/D-physical-plausibility/D02-impossible-state-combination/sentinel.kql,02-detection/historian/D-physical-plausibility/D02-impossible-state-combination/splunk.spl,02-detection/historian/D-physical-plausibility/D02-impossible-state-combination
OTD-0195,Historian vs live PLC value divergence,OT Historian Detection,HIST-E01,T0832;T0856,,,L3,,,high,LS-10,Tier 2,PLAYBOOK-OT-09,authored,02-detection/historian/E-data-integrity/E01-historian-plc-divergence/sentinel.kql,02-detection/historian/E-data-integrity/E01-historian-plc-divergence/splunk.spl,02-detection/historian/E-data-integrity/E01-historian-plc-divergence
OTD-0196,SIF trip-point approach,OT Historian Detection,HIST-G01,T0880;T0837,,,L3,,,high,LS-07;LS-10,Tier 2,PLAYBOOK-OT-05,authored,02-detection/historian/G-safety-alarm/G01-sif-trip-point-approach/sentinel.kql,02-detection/historian/G-safety-alarm/G01-sif-trip-point-approach/splunk.spl,02-detection/historian/G-safety-alarm/G01-sif-trip-point-approach
OTD-0197,Encoded/suspicious PowerShell,Perimeter-to-Endpoint,EDR-01,T1059.001,,,L3.5/IT,,,high,LS-02;LS-08;LS-17,Tier 1;Tier 3,,scaffold,02-detection/queries/sentinel/OTD-0197__encoded-suspicious-powershell.kql,02-detection/queries/splunk/OTD-0197__encoded-suspicious-powershell.spl,
OTD-0198,LOLBin abuse,Perimeter-to-Endpoint,EDR-02,T1218,,,L3.5/IT,,,high,LS-02;LS-08,Tier 1,,scaffold,02-detection/queries/sentinel/OTD-0198__lolbin-abuse.kql,02-detection/queries/splunk/OTD-0198__lolbin-abuse.spl,
OTD-0199,Credential access LSASS,Perimeter-to-Endpoint,EDR-03,T1003.001,,,L3.5/IT,,,critical,LS-02;LS-08,Tier 1,PLAYBOOK-OT-01,scaffold,02-detection/queries/sentinel/OTD-0199__credential-access-lsass.kql,02-detection/queries/splunk/OTD-0199__credential-access-lsass.spl,
OTD-0200,Persistence run key/startup,Perimeter-to-Endpoint,EDR-04,T1547.001,,,L3.5/IT,,,high,LS-02;LS-08,Tier 1,PLAYBOOK-OT-05,scaffold,02-detection/queries/sentinel/OTD-0200__persistence-run-key-startup.kql,02-detection/queries/splunk/OTD-0200__persistence-run-key-startup.spl,
OTD-0201,Persistence service install,Perimeter-to-Endpoint,EDR-05,T1543.003,,,L3.5/IT,,,high,LS-02;LS-08,Tier 1,PLAYBOOK-OT-05,scaffold,02-detection/queries/sentinel/OTD-0201__persistence-service-install.kql,02-detection/queries/splunk/OTD-0201__persistence-service-install.spl,
OTD-0202,Persistence scheduled task,Perimeter-to-Endpoint,EDR-06,T1053.005,,,L3.5/IT,,,medium,LS-02;LS-08,Tier 1,PLAYBOOK-OT-05,scaffold,02-detection/queries/sentinel/OTD-0202__persistence-scheduled-task.kql,02-detection/queries/splunk/OTD-0202__persistence-scheduled-task.spl,
OTD-0203,Defense evasion log clearing,Perimeter-to-Endpoint,EDR-07,T1070.001,,,L3.5/IT,,,high,LS-02;LS-08,Tier 1,,scaffold,02-detection/queries/sentinel/OTD-0203__defense-evasion-log-clearing.kql,02-detection/queries/splunk/OTD-0203__defense-evasion-log-clearing.spl,
OTD-0204,Defense evasion AV/EDR tamper,Perimeter-to-Endpoint,EDR-08,T1562.001,,,L3.5/IT,,,critical,LS-02;LS-08,Tier 1,,scaffold,02-detection/queries/sentinel/OTD-0204__defense-evasion-av-edr-tamper.kql,02-detection/queries/splunk/OTD-0204__defense-evasion-av-edr-tamper.spl,
OTD-0205,Suspicious parent-child,Perimeter-to-Endpoint,EDR-09,T1059,,,L3.5/IT,,,high,LS-02;LS-08,Tier 1,,scaffold,02-detection/queries/sentinel/OTD-0205__suspicious-parent-child.kql,02-detection/queries/splunk/OTD-0205__suspicious-parent-child.spl,
OTD-0206,Masquerading binary,Perimeter-to-Endpoint,EDR-10,T1036.005,,,L3.5/IT,,,medium,LS-02;LS-08,Tier 1,,scaffold,02-detection/queries/sentinel/OTD-0206__masquerading-binary.kql,02-detection/queries/splunk/OTD-0206__masquerading-binary.spl,
OTD-0207,Internal host scanning,Perimeter-to-Endpoint,EW-01,T1046,,,L3.5/IT,,,high,LS-02;LS-18,Tier 1;Tier 3,,scaffold,02-detection/queries/sentinel/OTD-0207__internal-host-scanning.kql,02-detection/queries/splunk/OTD-0207__internal-host-scanning.spl,
OTD-0208,New east-west peer relationship,Perimeter-to-Endpoint,EW-02,T1021,,,L3.5/IT,,,medium,LS-02,Tier 1,,scaffold,02-detection/queries/sentinel/OTD-0208__new-east-west-peer-relationship.kql,02-detection/queries/splunk/OTD-0208__new-east-west-peer-relationship.spl,
OTD-0209,Lateral SMB admin shares,Perimeter-to-Endpoint,EW-03,T1021.002,,,L3.5/IT,,,high,LS-02,Tier 1,,scaffold,02-detection/queries/sentinel/OTD-0209__lateral-smb-admin-shares.kql,02-detection/queries/splunk/OTD-0209__lateral-smb-admin-shares.spl,
OTD-0210,Lateral RDP internal spread,Perimeter-to-Endpoint,EW-04,T1021.001,,,L3.5/IT,,,high,LS-02,Tier 1,PLAYBOOK-OT-06,scaffold,02-detection/queries/sentinel/OTD-0210__lateral-rdp-internal-spread.kql,02-detection/queries/splunk/OTD-0210__lateral-rdp-internal-spread.spl,
OTD-0211,Lateral WMI/WinRM exec,Perimeter-to-Endpoint,EW-05,T1021.006,,,L3.5/IT,,,high,LS-02;LS-08,Tier 1,,scaffold,02-detection/queries/sentinel/OTD-0211__lateral-wmi-winrm-exec.kql,02-detection/queries/splunk/OTD-0211__lateral-wmi-winrm-exec.spl,
OTD-0212,Remote service creation PsExec-like,Perimeter-to-Endpoint,EW-06,T1569,,,L3.5/IT,,,high,LS-02,Tier 1,,scaffold,02-detection/queries/sentinel/OTD-0212__remote-service-creation-psexec-like.kql,02-detection/queries/splunk/OTD-0212__remote-service-creation-psexec-like.spl,
OTD-0213,Pass-the-hash/anomalous NTLM,Perimeter-to-Endpoint,EW-07,T1550.002,,,L3.5/IT,,,high,LS-02,Tier 1,,scaffold,02-detection/queries/sentinel/OTD-0213__pass-the-hash-anomalous-ntlm.kql,02-detection/queries/splunk/OTD-0213__pass-the-hash-anomalous-ntlm.spl,
OTD-0214,Kerberoasting,Perimeter-to-Endpoint,EW-08,T1558.003,,,L3.5/IT,,,high,LS-02,Tier 1,,scaffold,02-detection/queries/sentinel/OTD-0214__kerberoasting.kql,02-detection/queries/splunk/OTD-0214__kerberoasting.spl,
OTD-0215,Internal DNS/AD recon,Perimeter-to-Endpoint,EW-09,T1087,,,L3.5/IT,,,medium,LS-02;LS-08,Tier 1,,scaffold,02-detection/queries/sentinel/OTD-0215__internal-dns-ad-recon.kql,02-detection/queries/splunk/OTD-0215__internal-dns-ad-recon.spl,
OTD-0216,Brute force single account,Perimeter-to-Endpoint,IAM-01,T1110.001,,,L3.5/IT,,,medium,LS-02;LS-20,Tier 1,PLAYBOOK-OT-06,scaffold,02-detection/queries/sentinel/OTD-0216__brute-force-single-account.kql,02-detection/queries/splunk/OTD-0216__brute-force-single-account.spl,
OTD-0217,Password spray,Perimeter-to-Endpoint,IAM-02,T1110.003,,,L3.5/IT,,,high,LS-02;LS-20,Tier 1,PLAYBOOK-OT-06,scaffold,02-detection/queries/sentinel/OTD-0217__password-spray.kql,02-detection/queries/splunk/OTD-0217__password-spray.spl,
OTD-0218,Success after repeated failures,Perimeter-to-Endpoint,IAM-03,T1110,,,L3.5/IT,,,high,LS-02;LS-20,Tier 1,PLAYBOOK-OT-06,scaffold,02-detection/queries/sentinel/OTD-0218__success-after-repeated-failures.kql,02-detection/queries/splunk/OTD-0218__success-after-repeated-failures.spl,
OTD-0219,Privilege/permission change,Perimeter-to-Endpoint,IAM-04,T1098,,,L3.5/IT,,,high,LS-02;LS-20,Tier 1,PLAYBOOK-OT-06,scaffold,02-detection/queries/sentinel/OTD-0219__privilege-permission-change.kql,02-detection/queries/splunk/OTD-0219__privilege-permission-change.spl,
OTD-0220,New/re-enabled account then use,Perimeter-to-Endpoint,IAM-05,T1136,,,L3.5/IT,,,medium,LS-02;LS-20,Tier 1,PLAYBOOK-OT-06,scaffold,02-detection/queries/sentinel/OTD-0220__new-re-enabled-account-then-use.kql,02-detection/queries/splunk/OTD-0220__new-re-enabled-account-then-use.spl,
OTD-0221,Impossible travel/atypical geo,Perimeter-to-Endpoint,IAM-06,T1078,,,L3.5/IT,,,high,LS-02;LS-20,Tier 1,PLAYBOOK-OT-06,scaffold,02-detection/queries/sentinel/OTD-0221__impossible-travel-atypical-geo.kql,02-detection/queries/splunk/OTD-0221__impossible-travel-atypical-geo.spl,
OTD-0222,Off-hours privileged logon,Perimeter-to-Endpoint,IAM-07,T1078,,,L3.5/IT,,,medium,LS-02;LS-20,Tier 1,PLAYBOOK-OT-06,scaffold,02-detection/queries/sentinel/OTD-0222__off-hours-privileged-logon.kql,02-detection/queries/splunk/OTD-0222__off-hours-privileged-logon.spl,
OTD-0223,Disabled/dormant account use,Perimeter-to-Endpoint,IAM-08,T1078.002,,,L3.5/IT,,,high,LS-02;LS-20,Tier 1,PLAYBOOK-OT-06,scaffold,02-detection/queries/sentinel/OTD-0223__disabled-dormant-account-use.kql,02-detection/queries/splunk/OTD-0223__disabled-dormant-account-use.spl,
OTD-0224,MFA fatigue,Perimeter-to-Endpoint,IAM-09,T1621,,,L3.5/IT,,,high,LS-02;LS-20,Tier 1,PLAYBOOK-OT-06,scaffold,02-detection/queries/sentinel/OTD-0224__mfa-fatigue.kql,02-detection/queries/splunk/OTD-0224__mfa-fatigue.spl,
OTD-0225,Ingress/egress volume baseline deviation,Perimeter-to-Endpoint,NET-01,T1498,,,L3.5/IT,,,medium,LS-02;LS-18,Tier 1;Tier 3,,scaffold,02-detection/queries/sentinel/OTD-0225__ingress-egress-volume-baseline-deviation.kql,02-detection/queries/splunk/OTD-0225__ingress-egress-volume-baseline-deviation.spl,
OTD-0226,SYN flood,Perimeter-to-Endpoint,NET-02,T1498.001,,,L3.5/IT,,,high,LS-02;LS-18,Tier 1;Tier 3,,scaffold,02-detection/queries/sentinel/OTD-0226__syn-flood.kql,02-detection/queries/splunk/OTD-0226__syn-flood.spl,
OTD-0227,UDP/amplification flood,Perimeter-to-Endpoint,NET-03,T1498.002,,,L3.5/IT,,,high,LS-02;LS-18,Tier 1;Tier 3,,scaffold,02-detection/queries/sentinel/OTD-0227__udp-amplification-flood.kql,02-detection/queries/splunk/OTD-0227__udp-amplification-flood.spl,
OTD-0228,Connection-rate spike to a service,Perimeter-to-Endpoint,NET-04,T1498,,,L3.5/IT,,,high,LS-02;LS-18,Tier 1;Tier 3,,scaffold,02-detection/queries/sentinel/OTD-0228__connection-rate-spike-to-a-service.kql,02-detection/queries/splunk/OTD-0228__connection-rate-spike-to-a-service.spl,
OTD-0229,Source fan-in DDoS,Perimeter-to-Endpoint,NET-05,T1498,,,L3.5/IT,,,high,LS-02;LS-18,Tier 1;Tier 3,,scaffold,02-detection/queries/sentinel/OTD-0229__source-fan-in-ddos.kql,02-detection/queries/splunk/OTD-0229__source-fan-in-ddos.spl,
OTD-0230,ICMP flood,Perimeter-to-Endpoint,NET-06,T1498,,,L3.5/IT,,,medium,LS-02;LS-18,Tier 1;Tier 3,,scaffold,02-detection/queries/sentinel/OTD-0230__icmp-flood.kql,02-detection/queries/splunk/OTD-0230__icmp-flood.spl,
OTD-0231,Perimeter deny surge,Perimeter-to-Endpoint,NET-07,T1595,,,L3.5/IT,,,medium,LS-02;LS-18,Tier 1;Tier 3,,scaffold,02-detection/queries/sentinel/OTD-0231__perimeter-deny-surge.kql,02-detection/queries/splunk/OTD-0231__perimeter-deny-surge.spl,
OTD-0232,Resource exhaustion on public service,Perimeter-to-Endpoint,NET-08,T1499,,,L3.5/IT,,,high,LS-02;LS-18,Tier 1;Tier 3,,scaffold,02-detection/queries/sentinel/OTD-0232__resource-exhaustion-on-public-service.kql,02-detection/queries/splunk/OTD-0232__resource-exhaustion-on-public-service.spl,
OTD-0233,DNS tunnelling,Perimeter-to-Endpoint,OUT-01,T1071.004,,,L3.5/IT,,,high,LS-02,Tier 1,,scaffold,02-detection/queries/sentinel/OTD-0233__dns-tunnelling.kql,02-detection/queries/splunk/OTD-0233__dns-tunnelling.spl,
OTD-0234,DGA activity,Perimeter-to-Endpoint,OUT-02,T1568.002,,,L3.5/IT,,,high,LS-02,Tier 1,,scaffold,02-detection/queries/sentinel/OTD-0234__dga-activity.kql,02-detection/queries/splunk/OTD-0234__dga-activity.spl,
OTD-0235,Rare/new external domain,Perimeter-to-Endpoint,OUT-03,T1071,,,L3.5/IT,,,medium,LS-02,Tier 1,,scaffold,02-detection/queries/sentinel/OTD-0235__rare-new-external-domain.kql,02-detection/queries/splunk/OTD-0235__rare-new-external-domain.spl,
OTD-0236,Beaconing C2,Perimeter-to-Endpoint,OUT-04,T1071,,,L3.5/IT,,,high,LS-02,Tier 1,,scaffold,02-detection/queries/sentinel/OTD-0236__beaconing-c2.kql,02-detection/queries/splunk/OTD-0236__beaconing-c2.spl,
OTD-0237,Connection-count outlier,Perimeter-to-Endpoint,OUT-05,T1071,,,L3.5/IT,,,medium,LS-02,Tier 1,,scaffold,02-detection/queries/sentinel/OTD-0237__connection-count-outlier.kql,02-detection/queries/splunk/OTD-0237__connection-count-outlier.spl,
OTD-0238,Data-volume exfil outlier,Perimeter-to-Endpoint,OUT-06,T1041,,,L3.5/IT,,,high,LS-02,Tier 1,,scaffold,02-detection/queries/sentinel/OTD-0238__data-volume-exfil-outlier.kql,02-detection/queries/splunk/OTD-0238__data-volume-exfil-outlier.spl,
OTD-0239,Long-lived high-byte session,Perimeter-to-Endpoint,OUT-07,T1071,,,L3.5/IT,,,medium,LS-02,Tier 1,,scaffold,02-detection/queries/sentinel/OTD-0239__long-lived-high-byte-session.kql,02-detection/queries/splunk/OTD-0239__long-lived-high-byte-session.spl,
OTD-0240,DoH/rare resolver,Perimeter-to-Endpoint,OUT-08,T1071.004,,,L3.5/IT,,,medium,LS-02,Tier 1,,scaffold,02-detection/queries/sentinel/OTD-0240__doh-rare-resolver.kql,02-detection/queries/splunk/OTD-0240__doh-rare-resolver.spl,
OTD-0241,Threat-intel IOC hit,Perimeter-to-Endpoint,PRB-01,T1071,,,L3.5/IT,,,high,LS-02,Tier 1,,scaffold,02-detection/queries/sentinel/OTD-0241__threat-intel-ioc-hit.kql,02-detection/queries/splunk/OTD-0241__threat-intel-ioc-hit.spl,
OTD-0242,Tor usage,Perimeter-to-Endpoint,PRB-02,T1090.003,,,L3.5/IT,,,high,LS-02,Tier 1,,scaffold,02-detection/queries/sentinel/OTD-0242__tor-usage.kql,02-detection/queries/splunk/OTD-0242__tor-usage.spl,
OTD-0243,Crypto-mining,Perimeter-to-Endpoint,PRB-03,T1496,,,L3.5/IT,,,high,LS-02,Tier 1,,scaffold,02-detection/queries/sentinel/OTD-0243__crypto-mining.kql,02-detection/queries/splunk/OTD-0243__crypto-mining.spl,
OTD-0244,P2P/torrent,Perimeter-to-Endpoint,PRB-04,T1048,,,L3.5/IT,,,medium,LS-02,Tier 1,,scaffold,02-detection/queries/sentinel/OTD-0244__p2p-torrent.kql,02-detection/queries/splunk/OTD-0244__p2p-torrent.spl,
OTD-0245,Geo-prohibited destination,Perimeter-to-Endpoint,PRB-05,T1071,,,L3.5/IT,,,medium,LS-02,Tier 1,,scaffold,02-detection/queries/sentinel/OTD-0245__geo-prohibited-destination.kql,02-detection/queries/splunk/OTD-0245__geo-prohibited-destination.spl,
OTD-0246,Unauthorized cloud storage,Perimeter-to-Endpoint,PRB-06,T1567.002,,,L3.5/IT,,,medium,LS-02,Tier 1,,scaffold,02-detection/queries/sentinel/OTD-0246__unauthorized-cloud-storage.kql,02-detection/queries/splunk/OTD-0246__unauthorized-cloud-storage.spl,
OTD-0247,Prohibited cleartext protocol,Perimeter-to-Endpoint,PRB-07,T1071,,,L3.5/IT,,,medium,LS-02,Tier 1,,scaffold,02-detection/queries/sentinel/OTD-0247__prohibited-cleartext-protocol.kql,02-detection/queries/splunk/OTD-0247__prohibited-cleartext-protocol.spl,
OTD-0248,Unauthorized remote-access tool,Perimeter-to-Endpoint,PRB-08,T1219,,,L3.5/IT,,,high,LS-02,Tier 1,,scaffold,02-detection/queries/sentinel/OTD-0248__unauthorized-remote-access-tool.kql,02-detection/queries/splunk/OTD-0248__unauthorized-remote-access-tool.spl,
OTD-0249,Traffic to newly-registered domain,Perimeter-to-Endpoint,PRB-09,T1071,,,L3.5/IT,,,medium,LS-02,Tier 1,PLAYBOOK-OT-07,scaffold,02-detection/queries/sentinel/OTD-0249__traffic-to-newly-registered-domain.kql,02-detection/queries/splunk/OTD-0249__traffic-to-newly-registered-domain.spl,
OTD-0250,Outbound vertical scan,Perimeter-to-Endpoint,SCN-02,T1595.001,,,L3.5/IT,,,medium,LS-02,Tier 1,,scaffold,02-detection/queries/sentinel/OTD-0250__outbound-vertical-scan.kql,02-detection/queries/splunk/OTD-0250__outbound-vertical-scan.spl,
OTD-0251,High outbound deny rate,Perimeter-to-Endpoint,SCN-03,T1595,,,L3.5/IT,,,medium,LS-02,Tier 1,,scaffold,02-detection/queries/sentinel/OTD-0251__high-outbound-deny-rate.kql,02-detection/queries/splunk/OTD-0251__high-outbound-deny-rate.spl,
OTD-0252,Web login brute force,Perimeter-to-Endpoint,WEB-01,T1110,,,L3.5/IT,,,high,LS-02,Tier 1,PLAYBOOK-OT-06,scaffold,02-detection/queries/sentinel/OTD-0252__web-login-brute-force.kql,02-detection/queries/splunk/OTD-0252__web-login-brute-force.spl,
OTD-0253,Directory/endpoint enumeration,Perimeter-to-Endpoint,WEB-02,T1595.003,,,L3.5/IT,,,medium,LS-02,Tier 1,,scaffold,02-detection/queries/sentinel/OTD-0253__directory-endpoint-enumeration.kql,02-detection/queries/splunk/OTD-0253__directory-endpoint-enumeration.spl,
OTD-0254,Injection patterns SQLi/XSS/cmd,Perimeter-to-Endpoint,WEB-03,T1190,,,L3.5/IT,,,high,LS-02,Tier 1,,scaffold,02-detection/queries/sentinel/OTD-0254__injection-patterns-sqli-xss-cmd.kql,02-detection/queries/splunk/OTD-0254__injection-patterns-sqli-xss-cmd.spl,
OTD-0255,High 5xx error spike,Perimeter-to-Endpoint,WEB-04,T1190,,,L3.5/IT,,,medium,LS-02,Tier 1,,scaffold,02-detection/queries/sentinel/OTD-0255__high-5xx-error-spike.kql,02-detection/queries/splunk/OTD-0255__high-5xx-error-spike.spl,
OTD-0256,Suspicious user-agent/tool,Perimeter-to-Endpoint,WEB-05,T1595,,,L3.5/IT,,,medium,LS-02,Tier 1,,scaffold,02-detection/queries/sentinel/OTD-0256__suspicious-user-agent-tool.kql,02-detection/queries/splunk/OTD-0256__suspicious-user-agent-tool.spl,
OTD-0257,Web shell indicators,Perimeter-to-Endpoint,WEB-06,T1505.003,,,L3.5/IT,,,critical,LS-02;LS-08,Tier 1,,scaffold,02-detection/queries/sentinel/OTD-0257__web-shell-indicators.kql,02-detection/queries/splunk/OTD-0257__web-shell-indicators.spl,
