OTD_ID,Title,Library,Library_Name,Legacy_ID,Merged_Legacy_IDs,Merge_Count,Category,ATTACK_Technique_IDs,Threat_Actors,Sectors,Purdue_Level,Protocol,Data_Source,Nozomi_Type_ID,Severity,Status,Artifact_Path,Slug,Logic_Summary
OTD-0001,External remote services abuse into OT/DMZ,use-case,OT Threat Content,OT-UC-0001,,0,Access,T0822,KAMACITE;VOLTZITE;BAUXITE,Electric;Oil & Gas;Water,L3.5,RDP/VPN,Firewall/VPN,NET:NEW-LINK,High,Validated,,external-remote-services-abuse-into-ot-dmz,
OTD-0002,Internet-accessible ICS device exposure,use-case,OT Threat Content,OT-UC-0002,,0,Access,T0883,BAUXITE,Water;Oil & Gas,L2,Modbus/HTTP,Asset Inventory+External Scan,VI:NEW-NODE,High,Validated,02-detection/nozomi/internet-exposed-device.n2ql,internet-accessible-ics-device-exposure,
OTD-0003,Unauthorized Modbus write to coils/registers,use-case,OT Threat Content,OT-UC-0003,SIGMA:ot-ics-soc/01;MOD-01,2,Control,T0855,CHERNOVITE,Manufacturing;Water;Oil & Gas,L1,Modbus,Network/Nozomi,PROT:MODBUS-ILLEGAL,High,Production,02-detection/sigma/core-protocol/modbus-unauthorized-write.yml,unauthorized-modbus-write-to-coils-registers,"Detects Modbus write function codes (05,06,0F,10) issued by a source IP that is not in the known engineering workstation/SCADA master allow-list."
OTD-0004,Modbus FC08 diagnostic restart/listen-only,use-case,OT Threat Content,OT-UC-0004,SIGMA:ot-ics-soc/02;MOD-03,2,Denial,T0816,CHERNOVITE,Manufacturing;Water,L1,Modbus,Network/Nozomi,PROT:MODBUS-ILLEGAL,High,Production,02-detection/sigma/core-protocol/modbus-fc08-restart.yml,modbus-fc08-diagnostic-restart-listen-only,"Detects Modbus Diagnostics (function code 08) sub-function 01 (Restart Communications Option), which forces a slave device to reinitialize its communication port — can be used as a denial-of-service technique against a PLC/RTU."
OTD-0005,S7comm STOP CPU command,use-case,OT Threat Content,OT-UC-0005,SIGMA:ot-ics-soc/09;S7-02,2,Denial,T0816,CHERNOVITE;ELECTRUM,Manufacturing;Oil & Gas,L1,S7comm,Network/Nozomi,PROT:S7-ILLEGAL,High,Production,02-detection/sigma/core-protocol/s7comm-stop-cpu.yml,s7comm-stop-cpu-command,"Detects an OPC UA session activated using the Anonymous UserIdentityToken policy against a server, which should not be permitted on a production OT OPC UA server per IEC 62443 hardening guidance."
OTD-0006,S7comm program/logic download to PLC,use-case,OT Threat Content,OT-UC-0006,,0,Control,T0843,CHERNOVITE,Manufacturing,L1,S7comm,Network/Nozomi,SIGN:PACKET-RULE,High,Validated,,s7comm-program-logic-download-to-plc,
OTD-0007,DNP3 cold/warm restart function,use-case,OT Threat Content,OT-UC-0007,SIGMA:ot-ics-soc/05;DNP3-02,2,Denial,T0816,ELECTRUM,Electric,L1,DNP3,Network/Nozomi,PROT:DNP3-ILLEGAL,High,Production,02-detection/sigma/core-protocol/dnp3-restart.yml,dnp3-cold-warm-restart-function,"Detects DNP3 function code 13 (Cold Restart) or 14 (Warm Restart), which forces an outstation/RTU to reboot. High operational-impact command rarely used outside planned maintenance."
OTD-0008,DNP3 disable unsolicited responses,use-case,OT Threat Content,OT-UC-0008,SIGMA:ot-ics-soc/06;DNP3-03,2,Evasion,T0804,ELECTRUM,Electric,L1,DNP3,Network/Nozomi,PROT:DNP3-ILLEGAL,High,Validated,,dnp3-disable-unsolicited-responses,"Detects DNP3 function code 21 (Disable Unsolicited Responses), which can be abused to suppress event/alarm reporting from an outstation to the master, masking subsequent malicious activity."
OTD-0009,IEC-104 unauthorized control from non-EWS,use-case,OT Threat Content,OT-UC-0009,SIGMA:ot-ics-soc/13,1,Control,T0855,ELECTRUM,Electric,L1,IEC-104,Network/Nozomi,PROT:IEC104-ILLEGAL,High,Production,02-detection/sigma/core-protocol/iec104-unauthorized-control.yml,iec-104-unauthorized-control-from-non-ews,"Detects an S7comm PLC control function requesting STOP, which halts CPU program execution. A high-impact command that should only occur during a planned, authorized maintenance action."
OTD-0010,IEC 61850 GOOSE spoofing/manipulation,use-case,OT Threat Content,OT-UC-0010,,0,Control,T0856,ELECTRUM,Electric,L1,GOOSE,Network/Nozomi,PROT:GOOSE-ANOMALY,High,Validated,,iec-61850-goose-spoofing-manipulation,
OTD-0011,OPC UA anonymous/unencrypted session,use-case,OT Threat Content,OT-UC-0011,,0,Access,T0812,GRAPHITE,Manufacturing;Oil & Gas,L2,OPC UA,Network/Nozomi,PROT:OPCUA-INSECURE,Medium,Validated,,opc-ua-anonymous-unencrypted-session,
OTD-0012,EtherNet/IP CIP firmware update to controller,use-case,OT Threat Content,OT-UC-0012,,0,Persistence,T0857,CHERNOVITE,Manufacturing,L1,ENIP/CIP,Network/Nozomi,PROT:ENIP-ILLEGAL,High,Validated,,ethernet-ip-cip-firmware-update-to-controller,
OTD-0013,Active network scan of OT subnet,use-case,OT Threat Content,OT-UC-0013,SCAN-01;SCN-01,2,Recon,T0840,VOLTZITE;GRAPHITE,Electric;Oil & Gas;Water;Manufacturing,L2,TCP/UDP,Network/Nozomi,NET:TCP-SYN-SCAN,Medium,Production,02-detection/sigma/core-protocol/ot-subnet-scan.yml,active-network-scan-of-ot-subnet,One source to many hosts on same port in short window
OTD-0014,New/unauthorized node on OT segment,use-case,OT Threat Content,OT-UC-0014,SIGMA:it-dmz-ot-crosszone/23;SIS-A4,2,Recon,T0846,VOLTZITE,Electric;Oil & Gas;Water;Manufacturing,L2,ARP/Multi,Network/Nozomi,NET:NEW-NODE,Medium,Production,02-detection/sigma/it-dmz-ot-crosszone/23_first-time-asset-communication-across-a-zone-boundary.yml,new-unauthorized-node-on-ot-segment,"Detects a source asset establishing a connection across any Purdue Model zone boundary (IT-DMZ, DMZ-L3, L3-L2, L2-L1) for the first time relative to the rolling asset-communication baseline, generalizing the single-protocol ""new asset"" rule into a cross-zone, cross-protocol behavioral check."
OTD-0015,Rogue engineering workstation to PLC,use-case,OT Threat Content,OT-UC-0015,SIGMA:it-dmz-ot-crosszone/07;SIGMA:it-dmz-ot-crosszone/18,2,Access,T0859,CHERNOVITE;ELECTRUM,Manufacturing;Oil & Gas,L2,S7comm/ENIP,Network/Nozomi,NET:NEW-LINK,High,Validated,,rogue-engineering-workstation-to-plc,"Detects a designated RDP/jump-server host appearing as a Modbus, DNP3, S7comm, or OPC UA protocol client itself rather than simply brokering an interactive remote session, which can indicate an attacker has installed tooling directly on the jump host to issue OT commands."
OTD-0016,Alarm suppression/modify alarm settings,use-case,OT Threat Content,OT-UC-0016,,0,Evasion,T0878,XENOTIME,Oil & Gas;Chemical,L2,HMI/Historian,Endpoint/App Log,SIGN:PACKET-RULE,High,In-Development,,alarm-suppression-modify-alarm-settings,
OTD-0017,SIS key switch in PROGRAM mode,use-case,OT Threat Content,OT-UC-0017,SIGMA:it-dmz-ot-crosszone/20;SIS-B1,2,Safety,T0858,XENOTIME,Oil & Gas;Chemical,L1,TriStation/Proprietary,Network/Nozomi,PROT:MALFORMED-PACKET,Critical,Validated,,sis-key-switch-in-program-mode,"Detects a force/override flag being set on a tag belonging to the Safety Instrumented System (SIS) address range, a technique directly associated with the TRITON/TRISIS attack against a Schneider Electric Triconex SIS controller."
OTD-0018,Malware transfer via SMB in OT,use-case,OT Threat Content,OT-UC-0018,,0,Malware,T0867,ELECTRUM;DragonFly,Electric;Oil & Gas,L3,SMB,Network/Nozomi,SIGN:MALWARE-DETECTED,High,Production,02-detection/nozomi/malware-smb-transfer.n2ql,malware-transfer-via-smb-in-ot,
OTD-0019,Known-bad C2/malicious IP contact from OT,use-case,OT Threat Content,OT-UC-0019,,0,C2,T0885,BAUXITE;KAMACITE,Electric;Oil & Gas;Water;Manufacturing,L3,IP/Multi,Network/Nozomi,SIGN:MALICIOUS-IP,High,Production,,known-bad-c2-malicious-ip-contact-from-ot,
OTD-0020,Removable media introduced to OT asset,use-case,OT Threat Content,OT-UC-0020,,0,Malware,T0847,DragonFly,Manufacturing;Oil & Gas,L2,Host,Endpoint/EDR,N/A (Host-based),Medium,Validated,,removable-media-introduced-to-ot-asset,
OTD-0021,Modbus enumeration and point/tag ID,use-case,OT Threat Content,OT-UC-0021,,0,Recon,T0861,GRAPHITE,Manufacturing;Water,L1,Modbus,Network/Nozomi,PROT:MODBUS-ILLEGAL,Medium,Validated,,modbus-enumeration-and-point-tag-id,
OTD-0022,Brute force/repeated failed OT auth,use-case,OT Threat Content,OT-UC-0022,,0,Access,T0812,BAUXITE,Electric;Oil & Gas;Water,L2,App/Multi,App Log,N/A (App-based),Medium,Production,,brute-force-repeated-failed-ot-auth,
OTD-0023,Denial-of-service flood against controller,use-case,OT Threat Content,OT-UC-0023,,0,Denial,T0814,ELECTRUM,Manufacturing;Electric,L1,Multi,Network/Nozomi,NET:HIGH-BANDWIDTH,High,Validated,,denial-of-service-flood-against-controller,
OTD-0024,Historian/operational data exfiltration,use-case,OT Threat Content,OT-UC-0024,,0,Exfil,T0882,GRAPHITE;VOLTZITE,Oil & Gas;Manufacturing,L3,SQL/OPC,Network/App Log,NET:NEW-LINK,Medium,In-Development,,historian-operational-data-exfiltration,
OTD-0025,Time-sync (NTP) manipulation affecting SOE,use-case,OT Threat Content,OT-UC-0025,,0,Evasion,T0856,ELECTRUM,Electric,L2,NTP,Network/Nozomi,PROT:MALFORMED-PACKET,Medium,Proposed,,time-sync-ntp-manipulation-affecting-soe,
OTD-0026,Unauthorized wireless/cellular modem access,use-case,OT Threat Content,OT-UC-0026,,0,Access,T0860,BAUXITE,Water;Oil & Gas,L1,Cellular/RF,Network/Firewall,VI:NEW-NODE,Medium,Proposed,,unauthorized-wireless-cellular-modem-access,
OTD-0027,PLC operating mode change to Program/Remote,use-case,OT Threat Content,OT-UC-0027,,0,Control,T0858,CHERNOVITE,Manufacturing;Electric,L1,S7comm/ENIP/Modbus,Network/Nozomi,PROT:MODE-CHANGE,High,Production,,plc-operating-mode-change-to-program-remote,
OTD-0028,Unsigned/downgrade firmware load,use-case,OT Threat Content,OT-UC-0028,,0,Persistence,T0839,CHERNOVITE,Manufacturing;Electric,L1,Multi,Network/Nozomi,PROT:MALFORMED-PACKET,High,Validated,,unsigned-downgrade-firmware-load,
OTD-0029,Control-to-safety write/command,sis,SIS Safety Detection,SIS-A1,,0,boundary,T0855;T0836,,,L1-SIS,,NDR,,critical,Validated,,control-to-safety-write-command,independence
OTD-0030,New comms path into SIS zone,sis,SIS Safety Detection,SIS-A2,,0,boundary,T0855,,,L1-SIS,,NDR+baseline,,high,Validated,,new-comms-path-into-sis-zone,independence
OTD-0031,Reversed data direction at boundary,sis,SIS Safety Detection,SIS-A3,,0,boundary,T0855,,,L1-SIS,,gateway/NDR,,high,Validated,,reversed-data-direction-at-boundary,independence
OTD-0032,SIS traffic bypassing sanctioned gateway,sis,SIS Safety Detection,SIS-A5,,0,boundary,T0855,,,L1-SIS,,NDR/firewall,,high,Validated,,sis-traffic-bypassing-sanctioned-gateway,independence
OTD-0033,SIS program download,sis,SIS Safety Detection,SIS-B2,,0,engineering,T0843,,,L1-SIS,,NDR+SIS-event,,critical,Validated,,sis-program-download,logic-integrity
OTD-0034,SIS program upload,sis,SIS Safety Detection,SIS-B3,,0,engineering,T0845,,,L1-SIS,,NDR,,high,Validated,,sis-program-upload,logic-integrity
OTD-0035,Key-switch/mode to PROGRAM/REMOTE,sis,SIS Safety Detection,SIS-B4,,0,engineering,T0858,,,L1-SIS,,keyswitch-DI/SIS-event,,critical,Validated,,key-switch-mode-to-program-remote,logic-integrity
OTD-0036,SIS logic differs from golden baseline,sis,SIS Safety Detection,SIS-B5,,0,engineering,T0889,,,L1-SIS,,offline-compare,,critical,Validated,,sis-logic-differs-from-golden-baseline,logic-integrity
OTD-0037,SIS firmware change,sis,SIS Safety Detection,SIS-B6,,0,engineering,T0839;T0800,,,L1-SIS,,SIS-event/NDR,,critical,Validated,,sis-firmware-change,logic-integrity
OTD-0038,SIS engineering off-window/new host,sis,SIS Safety Detection,SIS-B7,,0,engineering,T0868,,,L1-SIS,,NDR+host,,high,Validated,,sis-engineering-off-window-new-host,logic-integrity
OTD-0039,Safety PV trending toward trip,sis,SIS Safety Detection,SIS-C1,,0,trip,T0880;T0837,,,L1-SIS,,historian,,high,Validated,,safety-pv-trending-toward-trip,trip-integrity
OTD-0040,Trip setpoint/safety parameter modification,sis,SIS Safety Detection,SIS-C2,,0,trip,T0836;T0838,,,L1-SIS,,historian/SIS-event,,critical,Validated,,trip-setpoint-safety-parameter-modification,trip-integrity
OTD-0041,Unexpected SIF trip/demand,sis,SIS Safety Detection,SIS-C3,,0,trip,T0880,,,L1-SIS,,historian/alarm,,high,Validated,,unexpected-sif-trip-demand,trip-integrity
OTD-0042,Expected trip absent/alarm suppression,sis,SIS Safety Detection,SIS-C4,,0,trip,T0878;T0837,,,L1-SIS,,historian/alarm,,critical,Validated,,expected-trip-absent-alarm-suppression,trip-integrity
OTD-0043,Final-element command-response mismatch,sis,SIS Safety Detection,SIS-C5,,0,trip,T0835;T0856,,,L1-SIS,,historian,,critical,Validated,,final-element-command-response-mismatch,trip-integrity
OTD-0044,De-energize-to-trip circuit anomaly,sis,SIS Safety Detection,SIS-C6,,0,trip,T0837,,,L1-SIS,,SIS-diagnostics/historian,,high,Validated,,de-energize-to-trip-circuit-anomaly,fail-safe
OTD-0045,Voting degradation,sis,SIS Safety Detection,SIS-D1,,0,sensor-voting,T0837,,,L1-SIS,,historian,,high,Validated,,voting-degradation,voting
OTD-0046,Redundant safety-sensor disagreement,sis,SIS Safety Detection,SIS-D2,,0,sensor-voting,T0856,,,L1-SIS,,historian,,high,Validated,,redundant-safety-sensor-disagreement,voting
OTD-0047,Frozen/replayed safety input,sis,SIS Safety Detection,SIS-D3,,0,sensor-voting,T0856,,,L1-SIS,,historian,,high,Validated,,frozen-replayed-safety-input,input-integrity
OTD-0048,Loss of independence (shared/BPCS input),sis,SIS Safety Detection,SIS-D4,,0,sensor-voting,T0856;T0835,,,L1-SIS,,historian,,high,Validated,,loss-of-independence-shared-bpcs-input,independence
OTD-0049,Safety input bad-quality spike,sis,SIS Safety Detection,SIS-D5,,0,sensor-voting,T0815,,,L1-SIS,,historian,,medium,Validated,,safety-input-bad-quality-spike,input-integrity
OTD-0050,SIF bypass/inhibit activated,sis,SIS Safety Detection,SIS-E1,,0,bypass,T0837,,,L1-SIS,,historian/SIS-event,,high,Validated,,sif-bypass-inhibit-activated,not-disabled
OTD-0051,Long-duration/overdue bypass,sis,SIS Safety Detection,SIS-E2,,0,bypass,T0837,,,L1-SIS,,historian,,high,Validated,,long-duration-overdue-bypass,not-disabled
OTD-0052,Bypass from unexpected source/off-window,sis,SIS Safety Detection,SIS-E3,,0,bypass,T0837,,,L1-SIS,,SIS-event/NDR,,high,Validated,,bypass-from-unexpected-source-off-window,not-disabled
OTD-0053,Forced I/O on safety controller,sis,SIS Safety Detection,SIS-E4,,0,bypass,T0835,,,L1-SIS,,SIS-diagnostics,,critical,Validated,,forced-i-o-on-safety-controller,not-disabled
OTD-0054,Multiple simultaneous bypasses,sis,SIS Safety Detection,SIS-E5,,0,bypass,T0837,,,L1-SIS,,historian,,critical,Validated,,multiple-simultaneous-bypasses,not-disabled
OTD-0055,SIS-BPCS comm loss (loss of view),sis,SIS Safety Detection,SIS-F1,,0,availability,T0804;T0837,,,L1-SIS,,historian/gateway/NDR,,high,Validated,,sis-bpcs-comm-loss-loss-of-view,fail-safe
OTD-0056,SIS diagnostic fault/degraded module,sis,SIS Safety Detection,SIS-F2,,0,availability,T0837,,,L1-SIS,,SIS-event,,high,Validated,,sis-diagnostic-fault-degraded-module,fail-safe
OTD-0057,Spurious trip-rate anomaly,sis,SIS Safety Detection,SIS-F3,,0,availability,T0880,,,L1-SIS,,historian/alarm,,medium,Validated,,spurious-trip-rate-anomaly,fail-safe
OTD-0058,SIS controller restart/power event,sis,SIS Safety Detection,SIS-F4,,0,availability,T0816,,,L1-SIS,,SIS-event/NDR,,high,Validated,,sis-controller-restart-power-event,fail-safe
OTD-0059,SIS time/clock skew,sis,SIS Safety Detection,SIS-F5,,0,availability,T0856,,,L1-SIS,,SIS-event/NDR,,medium,Validated,,sis-time-clock-skew,fail-safe
OTD-0060,Modbus Exception Response Flood (Possible Scanning or Fuzzing),ot-ics-soc,Sigma: OT/ICS SOC,SIGMA:ot-ics-soc/03,,0,Sigma,T0846;T0888,,,,modbus,ics-network/modbus,,medium,experimental,02-detection/sigma/ot-ics-soc/03_modbus-exception-response-flood-possible-scanning-or-fuzzing.yml,modbus-exception-response-flood-possible-scanning-or-fuzzing,"Detects a high volume of Modbus exception responses (function code with high bit set / exception codes 01-04) from a single slave within a short window, indicating function code probing, fuzzing, or protocol scanning."
OTD-0061,Modbus Write to Coil/Register Outside Approved Change Window,ot-ics-soc,Sigma: OT/ICS SOC,SIGMA:ot-ics-soc/04,,0,Sigma,T0831;T0855,,,,modbus,ics-network/modbus,,medium,experimental,02-detection/sigma/ot-ics-soc/04_modbus-write-to-coil-register-outside-approved-change-window.yml,modbus-write-to-coil-register-outside-approved-change-window,"Detects Modbus write function codes occurring outside the defined maintenance/change window, which may indicate unauthorized process manipulation."
OTD-0062,DNP3 Direct Operate Without Preceding Select (Bypass of Select-Before-Operate),ot-ics-soc,Sigma: OT/ICS SOC,SIGMA:ot-ics-soc/07,,0,Sigma,T0855;T0858,,,,dnp3,ics-network/dnp3,,high,experimental,02-detection/sigma/ot-ics-soc/07_dnp3-direct-operate-without-preceding-select-bypass-of-selec.yml,dnp3-direct-operate-without-preceding-select-bypass-of-selec,Detects DNP3 Direct Operate (function code 5) issued to a CROB point without a preceding Select (function code 3) for the same point within a short window. Bypassing select-before-operate removes the safety check designed to prevent erroneous control actions.
OTD-0063,DNP3 CROB Control Command Outside Maintenance Window,ot-ics-soc,Sigma: OT/ICS SOC,SIGMA:ot-ics-soc/08,,0,Sigma,T0855,,,,dnp3,ics-network/dnp3,,medium,experimental,02-detection/sigma/ot-ics-soc/08_dnp3-crob-control-command-outside-maintenance-window.yml,dnp3-crob-control-command-outside-maintenance-window,"Detects DNP3 Control Relay Output Block (CROB) commands (function codes 3,4,5,6) issued from the SCADA master outside the approved operating/maintenance window, which may indicate unauthorized switching/breaker operation."
OTD-0064,OPC UA Untrusted or Self-Signed Certificate Accepted,ot-ics-soc,Sigma: OT/ICS SOC,SIGMA:ot-ics-soc/10,,0,Sigma,T0822;T0859,,,,opcua,ics-network/opcua,,high,experimental,02-detection/sigma/ot-ics-soc/10_opc-ua-untrusted-or-self-signed-certificate-accepted.yml,opc-ua-untrusted-or-self-signed-certificate-accepted,"Detects an OPC UA secure channel established where the client or server certificate was not present in the trusted certificate store, indicating certificate validation has been bypassed or set to AutoAccept."
OTD-0065,OPC UA Write Request to Critical Node from Unauthorized Client,ot-ics-soc,Sigma: OT/ICS SOC,SIGMA:ot-ics-soc/11,,0,Sigma,T0836;T0855,,,,opcua,ics-network/opcua,,high,experimental,02-detection/sigma/ot-ics-soc/11_opc-ua-write-request-to-critical-node-from-unauthorized-clie.yml,opc-ua-write-request-to-critical-node-from-unauthorized-clie,Detects an OPC UA Write service call targeting a NodeId within the critical control address-space range from a client IP not in the approved SCADA/HMI allow-list.
OTD-0066,OPC UA Address Space Browse Flood (Reconnaissance),ot-ics-soc,Sigma: OT/ICS SOC,SIGMA:ot-ics-soc/12,,0,Sigma,T0846;T0888,,,,opcua,ics-network/opcua,,medium,experimental,02-detection/sigma/ot-ics-soc/12_opc-ua-address-space-browse-flood-reconnaissance.yml,opc-ua-address-space-browse-flood-reconnaissance,"Detects a high volume of OPC UA Browse service calls from a single client within a short window, consistent with automated enumeration of the server's address space/tag list prior to a targeted attack."
OTD-0067,S7comm Program Block Download/Upload Outside Change Window,ot-ics-soc,Sigma: OT/ICS SOC,SIGMA:ot-ics-soc/14,,0,Sigma,T0843;T0871,,,,s7comm,ics-network/s7comm,,high,experimental,02-detection/sigma/ot-ics-soc/14_s7comm-program-block-download-upload-outside-change-window.yml,s7comm-program-block-download-upload-outside-change-window,"Detects S7comm Download/Upload service requests (block write/read of OB/FB/FC/DB blocks) occurring outside the approved engineering change window, indicating possible unauthorized PLC logic modification."
OTD-0068,S7comm System Status List (SZL) Enumeration,ot-ics-soc,Sigma: OT/ICS SOC,SIGMA:ot-ics-soc/15,,0,Sigma,T0846;T0888,,,,s7comm,ics-network/s7comm,,medium,experimental,02-detection/sigma/ot-ics-soc/15_s7comm-system-status-list-szl-enumeration.yml,s7comm-system-status-list-szl-enumeration,"Detects repeated S7comm ""Read SZL"" (System Zustands Liste) requests used to enumerate PLC module identification, firmware version, and diagnostic data — a common reconnaissance step preceding targeted exploitation (e.g., as used by Industroyer2/INCONTROLLER-class tooling)."
OTD-0069,IEC 60870-5-104 General Interrogation from Unauthorized Master,ot-ics-soc,Sigma: OT/ICS SOC,SIGMA:ot-ics-soc/16,,0,Sigma,T0846;T0888,,,,iec104,ics-network/iec104,,high,experimental,02-detection/sigma/ot-ics-soc/16_iec-60870-5-104-general-interrogation-from-unauthorized-mast.yml,iec-60870-5-104-general-interrogation-from-unauthorized-mast,"Detects an IEC 104 General Interrogation command (Type ID C_IC_NA_1) originating from a source IP that is not the approved control center/SCADA master, which can be used to mass-poll RTU/IED status as a reconnaissance or pre-positioning step."
OTD-0070,IEC 60870-5-104 Single or Double Command Outside Maintenance Window,ot-ics-soc,Sigma: OT/ICS SOC,SIGMA:ot-ics-soc/17,,0,Sigma,T0855,,,,iec104,ics-network/iec104,,medium,experimental,02-detection/sigma/ot-ics-soc/17_iec-60870-5-104-single-or-double-command-outside-maintenance.yml,iec-60870-5-104-single-or-double-command-outside-maintenance,"Detects IEC 104 Single Command (C_SC_NA_1) or Double Command (C_DC_NA_1) operate requests issued outside the approved maintenance/switching window, which may indicate an unauthorized breaker/switch operation."
OTD-0071,IEC 60870-5-104 Clock Synchronization Command Anomaly,ot-ics-soc,Sigma: OT/ICS SOC,SIGMA:ot-ics-soc/18,,0,Sigma,T0804;T0851,,,,iec104,ics-network/iec104,,low,experimental,02-detection/sigma/ot-ics-soc/18_iec-60870-5-104-clock-synchronization-command-anomaly.yml,iec-60870-5-104-clock-synchronization-command-anomaly,"Detects IEC 104 Clock Synchronization commands (C_CS_NA_1) sent at an abnormal frequency or from a non-master source, which can be used to desynchronize event timestamps and hinder forensic timeline reconstruction."
OTD-0072,Engineering Workstation Communicating with Multiple PLCs Across Zones,ot-ics-soc,Sigma: OT/ICS SOC,SIGMA:ot-ics-soc/19,,0,Sigma,T0843;T0867,,,,generic,ics-network/generic,,high,experimental,02-detection/sigma/ot-ics-soc/19_engineering-workstation-communicating-with-multiple-plcs-acr.yml,engineering-workstation-communicating-with-multiple-plcs-acr,"Detects a single engineering workstation host establishing OT protocol sessions (Modbus/S7comm/DNP3/OPC UA) with PLCs/RTUs/outstations across more Purdue Model zones or process cells than its documented baseline, indicating possible lateral movement using a compromised EWS."
OTD-0073,New or Unauthorized Asset Communicating on OT Engineering Protocol Port,ot-ics-soc,Sigma: OT/ICS SOC,SIGMA:ot-ics-soc/20,,0,Sigma,T0846;T0883,,,,generic,ics-network/generic,,medium,experimental,02-detection/sigma/ot-ics-soc/20_new-or-unauthorized-asset-communicating-on-ot-engineering-pr.yml,new-or-unauthorized-asset-communicating-on-ot-engineering-pr,"Detects a source IP not previously observed in the OT asset inventory initiating a session on a known industrial protocol port (Modbus/502, DNP3/20000, S7comm/102, OPC UA/4840, IEC104/2404), indicating rogue device connection or unauthorized network access."
OTD-0074,DNP3 Cold or Warm Restart Function to Outstation,core-protocol,Sigma: Core Protocol,SIGMA:core-protocol/dnp3-restart,,0,Sigma,T0816,ELECTRUM,Electric;Oil & Gas;Water,,zeek,zeek,PROT:DNP3-ILLEGAL,high,stable,02-detection/sigma/core-protocol/dnp3-restart.yml,dnp3-cold-or-warm-restart-function-to-outstation,Detects DNP3 application-layer function codes 13 (COLD_RESTART) and 14 (WARM_RESTART) directed at an outstation. A restart interrupts monitoring and control of the device and can be used to mask activity or degrade availability in electric and utility environments.
OTD-0075,IEC 60870-5-104 Control Command from Unauthorized Source,core-protocol,Sigma: Core Protocol,SIGMA:core-protocol/iec104-unauthorized-control,,0,Sigma,T0855,ELECTRUM,Electric;Transportation,,zeek,zeek,PROT:IEC104-ILLEGAL,high,stable,02-detection/sigma/core-protocol/iec104-unauthorized-control.yml,iec-60870-5-104-control-command-from-unauthorized-source,"Detects IEC 60870-5-104 control-direction ASDUs - single command (C_SC_NA_1, type 45), double command (C_DC_NA_1, type 46), and set-point commands - originating from a host that is not an authorized control center / EWS. This is the command class abused in the Industroyer / Industroyer2 attacks agai"
OTD-0076,Modbus FC08 Diagnostic Restart or Force Listen-Only Mode,core-protocol,Sigma: Core Protocol,SIGMA:core-protocol/modbus-fc08-restart,,0,Sigma,T0816,CHERNOVITE,Water;Manufacturing;Chemical,,zeek,zeek,PROT:MODBUS-ILLEGAL,high,experimental,02-detection/sigma/core-protocol/modbus-fc08-restart.yml,modbus-fc08-diagnostic-restart-or-force-listen-only-mode,"Detects Modbus Diagnostics (Function Code 08) sub-functions that can disrupt a device: 0x01 (Restart Communications Option) and 0x04 (Force Listen Only Mode). These are rarely used in normal operation and can silence or reset a slave device, contributing to an Inhibit Response Function objective."
OTD-0077,Unauthorized Modbus Write to Coils or Registers,core-protocol,Sigma: Core Protocol,SIGMA:core-protocol/modbus-unauthorized-write,,0,Sigma,T0855,CHERNOVITE,Oil & Gas;Water;Manufacturing;Chemical,,zeek,zeek,PROT:MODBUS-ILLEGAL,high,stable,02-detection/sigma/core-protocol/modbus-unauthorized-write.yml,unauthorized-modbus-write-to-coils-or-registers,"Detects Modbus write function codes (5, 6, 15, 16) issued from a source that is not an authorized engineering workstation or SCADA master. Unauthorized writes to coils or holding registers can alter setpoints, actuate outputs, or manipulate the process. Baseline the authorized master set (uc_context"
OTD-0078,Active Network Scan of OT Subnet,core-protocol,Sigma: Core Protocol,SIGMA:core-protocol/ot-subnet-scan,,0,Sigma,T0840,VOLTZITE;GRAPHITE,Electric;Oil & Gas;Water;Manufacturing,,zeek,zeek,NET:TCP-SYN-SCAN,medium,experimental,02-detection/sigma/core-protocol/ot-subnet-scan.yml,active-network-scan-of-ot-subnet,"Detects horizontal scanning behaviour inside an OT segment - a single source initiating connections to many distinct OT hosts in a short window. Scanning is a discovery precursor and is especially high-signal inside a Level 2/3 OT zone where hosts communicate on stable, predictable paths."
OTD-0079,S7comm STOP CPU Command to PLC,core-protocol,Sigma: Core Protocol,SIGMA:core-protocol/s7comm-stop-cpu,,0,Sigma,T0816,CHERNOVITE;ELECTRUM,Manufacturing;Oil & Gas,,zeek,zeek,PROT:S7-ILLEGAL,high,stable,02-detection/sigma/core-protocol/s7comm-stop-cpu.yml,s7comm-stop-cpu-command-to-plc,Detects an S7comm PLC-control job requesting CPU STOP (function P_PROGRAM / PLC Stop). Halting a Siemens S7 CPU stops process execution and is a direct Inhibit Response Function / availability-impact action. Should only ever originate from an authorized engineering workstation during a controlled ch
OTD-0080,Direct IT-to-OT-DMZ Connection Bypassing Jump Host,it-dmz-ot-crosszone,Sigma: IT/DMZ/OT Cross-Zone,SIGMA:it-dmz-ot-crosszone/01,,0,Sigma,T0886,,,,generic,firewall/generic,,high,experimental,02-detection/sigma/it-dmz-ot-crosszone/01_direct-it-to-ot-dmz-connection-bypassing-jump-host.yml,direct-it-to-ot-dmz-connection-bypassing-jump-host,"Detects a network flow originating from an enterprise IT subnet landing directly on an OT DMZ host without traversing the designated jump server / reverse proxy, indicating a possible firewall misconfiguration or an attacker pivoting around the documented access path."
OTD-0081,Unauthorized Lateral-Movement Protocol Entering OT DMZ,it-dmz-ot-crosszone,Sigma: IT/DMZ/OT Cross-Zone,SIGMA:it-dmz-ot-crosszone/02,,0,Sigma,T0866,,,,generic,firewall/generic,,high,experimental,02-detection/sigma/it-dmz-ot-crosszone/02_unauthorized-lateral-movement-protocol-entering-ot-dmz.yml,unauthorized-lateral-movement-protocol-entering-ot-dmz,"Detects RDP, SMB, PsExec/Admin-share, or WinRM traffic originating from corporate IT IP ranges and terminating on OT DMZ hosts, consistent with lateral movement techniques used to pivot from an IT compromise toward OT (as seen in NotPetya/TRITON-style intrusion paths)."
OTD-0082,OT DMZ Historian Replication Direction Anomaly,it-dmz-ot-crosszone,Sigma: IT/DMZ/OT Cross-Zone,SIGMA:it-dmz-ot-crosszone/03,,0,Sigma,T0840;T0886,,,,generic,firewall/generic,,high,experimental,02-detection/sigma/it-dmz-ot-crosszone/03_ot-dmz-historian-replication-direction-anomaly.yml,ot-dmz-historian-replication-direction-anomaly,"Detects a DMZ historian/replication host initiating a connection back into the IT/Enterprise zone, when the documented data-flow design is one-directional (OT to DMZ to IT) via a data diode or unidirectional gateway."
OTD-0083,AV/Patch Management Push to DMZ Outside Maintenance Window or Scope,it-dmz-ot-crosszone,Sigma: IT/DMZ/OT Cross-Zone,SIGMA:it-dmz-ot-crosszone/04,,0,Sigma,T0843,,,,windows,process_creation/windows,,medium,experimental,02-detection/sigma/it-dmz-ot-crosszone/04_av-patch-management-push-to-dmz-outside-maintenance-window-o.yml,av-patch-management-push-to-dmz-outside-maintenance-window-o,"Detects an enterprise WSUS/SCCM/antivirus management console pushing content to OT DMZ hosts outside the approved patch window, or to a DMZ host not listed in its managed device scope, which can indicate abuse of a trusted management channel for malware staging."
OTD-0084,OT DMZ Asset External DNS or NTP Resolution Attempt,it-dmz-ot-crosszone,Sigma: IT/DMZ/OT Cross-Zone,SIGMA:it-dmz-ot-crosszone/05,,0,Sigma,,,,,generic,dns/generic,,medium,experimental,02-detection/sigma/it-dmz-ot-crosszone/05_ot-dmz-asset-external-dns-or-ntp-resolution-attempt.yml,ot-dmz-asset-external-dns-or-ntp-resolution-attempt,"Detects a DMZ host attempting DNS or NTP resolution against a server outside the small, fixed internal set normally permitted, which can indicate C2 beaconing, DNS tunneling, or an attempt to set up time-based evasion."
OTD-0085,Web or Email Content Landing on OT DMZ Jump Host,it-dmz-ot-crosszone,Sigma: IT/DMZ/OT Cross-Zone,SIGMA:it-dmz-ot-crosszone/06,,0,Sigma,T0817,,,,windows,process_creation/windows,,critical,experimental,02-detection/sigma/it-dmz-ot-crosszone/06_web-or-email-content-landing-on-ot-dmz-jump-host.yml,web-or-email-content-landing-on-ot-dmz-jump-host,"Detects browser or email-client process execution, or a file with a web-download/email-attachment zone-identifier marker, on a DMZ jump host. Jump hosts should be hardened bastion systems with no internet browsing or email capability; any such activity is high-confidence compromise or severe policy "
OTD-0086,Remote Access Session into L3 Without Approved Change Window,it-dmz-ot-crosszone,Sigma: IT/DMZ/OT Cross-Zone,SIGMA:it-dmz-ot-crosszone/08,,0,Sigma,T0859,,,,windows,authentication/windows,,medium,experimental,02-detection/sigma/it-dmz-ot-crosszone/08_remote-access-session-into-l3-without-approved-change-window.yml,remote-access-session-into-l3-without-approved-change-window,"Detects a VPN or jump-server interactive logon to an L3 SCADA/site-operations server occurring outside the standard business hours / approved maintenance window, which should be correlated against the change-management ticketing system before closure."
OTD-0087,Shared or Service Account Used From Unusual DMZ Source,it-dmz-ot-crosszone,Sigma: IT/DMZ/OT Cross-Zone,SIGMA:it-dmz-ot-crosszone/09,,0,Sigma,T0859,,,,windows,authentication/windows,,high,experimental,02-detection/sigma/it-dmz-ot-crosszone/09_shared-or-service-account-used-from-unusual-dmz-source.yml,shared-or-service-account-used-from-unusual-dmz-source,"Detects an engineering or vendor shared/service account authenticating from a DMZ host other than its single documented jump path, indicating credential reuse, theft, or an attacker pivoting using harvested service-account credentials."
OTD-0088,File Transfer From DMZ to L3 With Executable or Engineering Project Extension,it-dmz-ot-crosszone,Sigma: IT/DMZ/OT Cross-Zone,SIGMA:it-dmz-ot-crosszone/10,,0,Sigma,T0843,,,,windows,file_event/windows,,high,experimental,02-detection/sigma/it-dmz-ot-crosszone/10_file-transfer-from-dmz-to-l3-with-executable-or-engineering.yml,file-transfer-from-dmz-to-l3-with-executable-or-engineering,"Detects an SMB, FTP, or SCP file transfer from an OT DMZ host into an L3 historian or SCADA server where the file extension is an executable, script, or PLC engineering project type (.exe, .dll, .ps1, .acd, .s7p, .ap16, .l5x), occurring outside an approved engineering change window."
OTD-0089,Vendor Remote Access Session Duration or Scope Anomaly,it-dmz-ot-crosszone,Sigma: IT/DMZ/OT Cross-Zone,SIGMA:it-dmz-ot-crosszone/11,,0,Sigma,T0883,,,,vpn,authentication/vpn,,medium,experimental,02-detection/sigma/it-dmz-ot-crosszone/11_vendor-remote-access-session-duration-or-scope-anomaly.yml,vendor-remote-access-session-duration-or-scope-anomaly,"Detects a third-party/vendor remote access session exceeding the typical support-call duration baseline, or touching systems outside the vendor's contracted scope, indicating possible session hijacking or scope creep beyond the support agreement."
OTD-0090,Unscheduled HMI Project or Configuration Deployment,it-dmz-ot-crosszone,Sigma: IT/DMZ/OT Cross-Zone,SIGMA:it-dmz-ot-crosszone/12,,0,Sigma,T0831;T0843,,,,windows,file_event/windows,,medium,experimental,02-detection/sigma/it-dmz-ot-crosszone/12_unscheduled-hmi-project-or-configuration-deployment.yml,unscheduled-hmi-project-or-configuration-deployment,"Detects an SCADA server pushing a new HMI project/configuration package (WinCC, FactoryTalk View, iFIX) to an HMI client outside the documented change window, which may indicate unauthorized screen, alarm, or logic-display tampering."
OTD-0091,New or Modified Scheduled Task on HMI or SCADA Server,it-dmz-ot-crosszone,Sigma: IT/DMZ/OT Cross-Zone,SIGMA:it-dmz-ot-crosszone/13,,0,Sigma,T0839,,,,windows,process_creation/windows,,high,experimental,02-detection/sigma/it-dmz-ot-crosszone/13_new-or-modified-scheduled-task-on-hmi-or-scada-server.yml,new-or-modified-scheduled-task-on-hmi-or-scada-server,"Detects creation or modification of a scheduled task or Windows service on an L2 HMI or L3 SCADA server, a common post-compromise persistence technique observed in CRASHOVERRIDE/Industroyer-class OT intrusions."
OTD-0092,Engineering Software Launched by Non-Engineering Account,it-dmz-ot-crosszone,Sigma: IT/DMZ/OT Cross-Zone,SIGMA:it-dmz-ot-crosszone/14,,0,Sigma,T0858,,,,windows,process_creation/windows,,high,experimental,02-detection/sigma/it-dmz-ot-crosszone/14_engineering-software-launched-by-non-engineering-account.yml,engineering-software-launched-by-non-engineering-account,"Detects PLC/HMI engineering software (Studio 5000, TIA Portal, RSLogix, WinCC Engineering) being launched by a user account that is not a member of the designated engineering role group, indicating a privilege/role mismatch that may signal credential compromise."
OTD-0093,Abnormal Authentication Pattern on SCADA or HMI Server,it-dmz-ot-crosszone,Sigma: IT/DMZ/OT Cross-Zone,SIGMA:it-dmz-ot-crosszone/15,,0,Sigma,T0859,,,,windows,authentication/windows,,medium,experimental,02-detection/sigma/it-dmz-ot-crosszone/15_abnormal-authentication-pattern-on-scada-or-hmi-server.yml,abnormal-authentication-pattern-on-scada-or-hmi-server,"Detects a burst of failed logons (password spray), an off-hours successful logon, or a logon from an account that has never previously authenticated to a given L2/L3 SCADA or HMI server, indicating credential-guessing or use of a freshly compromised account."
OTD-0094,Unexpected Outbound Connection from L2 HMI Toward DMZ or IT,it-dmz-ot-crosszone,Sigma: IT/DMZ/OT Cross-Zone,SIGMA:it-dmz-ot-crosszone/16,,0,Sigma,T0886,,,,generic,firewall/generic,,high,experimental,02-detection/sigma/it-dmz-ot-crosszone/16_unexpected-outbound-connection-from-l2-hmi-toward-dmz-or-it.yml,unexpected-outbound-connection-from-l2-hmi-toward-dmz-or-it,Detects an L2 HMI host initiating an outbound connection toward the OT DMZ or IT zone. HMIs are typically pure consumers of supervisory data and should not act as connection initiators toward higher zones; this pattern is consistent with C2 beaconing or data staging.
OTD-0095,Control Command From HMI Outside Documented HMI-to-PLC Pairing,it-dmz-ot-crosszone,Sigma: IT/DMZ/OT Cross-Zone,SIGMA:it-dmz-ot-crosszone/17,,0,Sigma,T0855;T0867,,,,generic,ics-network/generic,,high,experimental,02-detection/sigma/it-dmz-ot-crosszone/17_control-command-from-hmi-outside-documented-hmi-to-plc-pairi.yml,control-command-from-hmi-outside-documented-hmi-to-plc-pairi,"Detects a control-protocol command (Modbus/DNP3/S7comm/OPC UA write) issued from an HMI to a PLC/RTU pair that is not present in the documented HMI-to-controller pairing map, e.g. the Line 2 HMI commanding a Line 5 PLC, which can indicate cross-zone pivoting within L2/L1."
OTD-0096,Engineering Protocol Session Opened by HMI Account,it-dmz-ot-crosszone,Sigma: IT/DMZ/OT Cross-Zone,SIGMA:it-dmz-ot-crosszone/19,,0,Sigma,T0858;T0867,,,,generic,ics-network/generic,,high,experimental,02-detection/sigma/it-dmz-ot-crosszone/19_engineering-protocol-session-opened-by-hmi-account.yml,engineering-protocol-session-opened-by-hmi-account,"Detects an HMI host or HMI service account opening an engineering-class protocol session (S7comm Job/Userdata, EtherNet/IP CIP unconnected message, OMRON FINS) rather than its normal supervisory polling traffic, which can indicate the HMI has been used as a pivot point to reach engineering-level PLC"
OTD-0097,Setpoint Change Exceeding Safe Delta Threshold,it-dmz-ot-crosszone,Sigma: IT/DMZ/OT Cross-Zone,SIGMA:it-dmz-ot-crosszone/21,,0,Sigma,T0836;T0855,,,,generic,ics-network/generic,,high,experimental,02-detection/sigma/it-dmz-ot-crosszone/21_setpoint-change-exceeding-safe-delta-threshold.yml,setpoint-change-exceeding-safe-delta-threshold,"Detects a process setpoint (temperature, pressure, flow, level) write where the new value differs from the prior value by more than the site-defined safe-change percentage in a single command, which can indicate an attempt to drive the process outside safe operating limits."
OTD-0098,Redundant Sensor Correlation Divergence,it-dmz-ot-crosszone,Sigma: IT/DMZ/OT Cross-Zone,SIGMA:it-dmz-ot-crosszone/22,,0,Sigma,T0804;T0856,,,,generic,ics-network/generic,,medium,experimental,02-detection/sigma/it-dmz-ot-crosszone/22_redundant-sensor-correlation-divergence.yml,redundant-sensor-correlation-divergence,"Detects the primary and redundant readings for the same physical measurement point (e.g., dual-redundant pressure transmitters) diverging beyond the configured tolerance, which can indicate either an instrumentation fault or a spoofed/manipulated sensor feed used to mask a process manipulation from "
OTD-0099,Zone Enforcement Firewall Rule Hit-Count Anomaly,it-dmz-ot-crosszone,Sigma: IT/DMZ/OT Cross-Zone,SIGMA:it-dmz-ot-crosszone/24,,0,Sigma,T0886,,,,generic,firewall/generic,,medium,experimental,02-detection/sigma/it-dmz-ot-crosszone/24_zone-enforcement-firewall-rule-hit-count-anomaly.yml,zone-enforcement-firewall-rule-hit-count-anomaly,"Detects a sudden spike in permit-hit count on an inter-zone firewall rule that is historically rarely used, which can indicate exploitation of an overly broad legacy rule to move traffic across a Purdue Model boundary."
OTD-0100,Removable Media Event on DMZ or L3 Asset,it-dmz-ot-crosszone,Sigma: IT/DMZ/OT Cross-Zone,SIGMA:it-dmz-ot-crosszone/25,,0,Sigma,T0847,,,,windows,device_event/windows,,high,experimental,02-detection/sigma/it-dmz-ot-crosszone/25_removable-media-event-on-dmz-or-l3-asset.yml,removable-media-event-on-dmz-or-l3-asset,"Detects a USB mass-storage device insertion event on an OT DMZ or L3 SCADA/historian asset, the initial-access vector used by Stuxnet and a recurring technique in OT-targeted intrusions where network segmentation otherwise limits remote access."
OTD-0101,East-West Traffic Between L1 Controllers Across Process Cells,it-dmz-ot-crosszone,Sigma: IT/DMZ/OT Cross-Zone,SIGMA:it-dmz-ot-crosszone/26,,0,Sigma,T0867;T0883,,,,generic,ics-network/generic,,high,experimental,02-detection/sigma/it-dmz-ot-crosszone/26_east-west-traffic-between-l1-controllers-across-process-cell.yml,east-west-traffic-between-l1-controllers-across-process-cell,"Detects direct peer-to-peer communication between Level 1 PLCs/RTUs belonging to different documented process cells/zones. Controllers should generally only communicate within their own cell via the supervisory layer, not directly with controllers in other cells."
OTD-0102,NTP or Time Desynchronization Anomaly Across IT-OT Path,it-dmz-ot-crosszone,Sigma: IT/DMZ/OT Cross-Zone,SIGMA:it-dmz-ot-crosszone/27,,0,Sigma,T0804;T0851,,,,generic,system/generic,,low,experimental,02-detection/sigma/it-dmz-ot-crosszone/27_ntp-or-time-desynchronization-anomaly-across-it-ot-path.yml,ntp-or-time-desynchronization-anomaly-across-it-ot-path,"Detects a host's clock drifting beyond the acceptable tolerance from the authoritative time source, or repeated rejected/failed time-sync attempts, which can be used to desynchronize event timestamps and hinder forensic timeline correlation across the IT-DMZ-OT path during an active intrusion."
OTD-0103,IEC 104 Mass Coordinated Breaker-Open Command Burst,threat-actor,Sigma: Threat Actor,SIGMA:threat-actor/01,,0,Sigma,T0831;T0855;T0879,,,,iec104,ics-network/iec104,,critical,experimental,02-detection/sigma/threat-actor/01_iec-104-mass-coordinated-breaker-open-command-burst.yml,iec-104-mass-coordinated-breaker-open-command-burst,"Detects multiple IEC 60870-5-104 Single/Double Command (open) operations issued to several distinct substation RTUs within a short time window from the same or correlated source(s), matching the coordinated multi-substation breaker-opening pattern used by Sandworm/Electrum's Industroyer2 against the"
OTD-0104,Modbus Holding Register Manipulation at Abnormal Cadence,threat-actor,Sigma: Threat Actor,SIGMA:threat-actor/02,,0,Sigma,T0836;T0855,,,,modbus,ics-network/modbus,,high,experimental,02-detection/sigma/threat-actor/02_modbus-holding-register-manipulation-at-abnormal-cadence.yml,modbus-holding-register-manipulation-at-abnormal-cadence,"Detects repeated Modbus holding register writes (function code 06/16) to the same device at a sustained, machine-paced cadence inconsistent with normal HMI/operator-driven control, resembling the FrostyGoop pattern of directly manipulating device parameters (e.g., heating system setpoints) via Modbu"
OTD-0105,Mass Disk-Wiping Utility Execution Across Multiple Hosts,threat-actor,Sigma: Threat Actor,SIGMA:threat-actor/03,,0,Sigma,T0826,,,,windows,process_creation/windows,,critical,experimental,02-detection/sigma/threat-actor/03_mass-disk-wiping-utility-execution-across-multiple-hosts.yml,mass-disk-wiping-utility-execution-across-multiple-hosts,"Detects near-simultaneous execution of disk-wiping indicators (vssadmin delete shadows, bcdedit boot-recovery disable, raw disk-sector overwrite utilities) across multiple hosts in a short window, matching the KillDisk/NotPetya pattern used by Sandworm to destroy IT systems adjacent to OT environmen"
OTD-0106,IEC 61850 GOOSE Unauthorized Publisher or Spoofed Message,threat-actor,Sigma: Threat Actor,SIGMA:threat-actor/04,,0,Sigma,T0855;T0856,,,,iec61850,ics-network/iec61850,,critical,experimental,02-detection/sigma/threat-actor/04_iec-61850-goose-unauthorized-publisher-or-spoofed-message.yml,iec-61850-goose-unauthorized-publisher-or-spoofed-message,"Detects a GOOSE (Generic Object Oriented Substation Event) message on the substation LAN published by a source MAC/IED identity not present in the configured GOOSE Control Block (GoCB) subscriber/publisher list, or with a StNum/SqNum sequence anomaly, consistent with protection-relay spoofing techni"
OTD-0107,Mass Lateral Deployment Tooling Preceding Suspected Wiper Activity,threat-actor,Sigma: Threat Actor,SIGMA:threat-actor/05,,0,Sigma,T0867,,,,windows,process_creation/windows,,high,experimental,02-detection/sigma/threat-actor/05_mass-lateral-deployment-tooling-preceding-suspected-wiper-ac.yml,mass-lateral-deployment-tooling-preceding-suspected-wiper-ac,"Detects PsExec, WMIC process-call-create, or Group Policy immediate-task deployment used to push the same executable to many hosts within minutes, the mass-propagation technique used by both BlackEnergy3 (2015 Ukraine grid attack) and NotPetya to stage destructive payloads enterprise-wide before piv"
OTD-0108,DNS Tunneling Beacon From OT DMZ or Engineering Host,threat-actor,Sigma: Threat Actor,SIGMA:threat-actor/06,,0,Sigma,,,,,generic,dns/generic,,high,experimental,02-detection/sigma/threat-actor/06_dns-tunneling-beacon-from-ot-dmz-or-engineering-host.yml,dns-tunneling-beacon-from-ot-dmz-or-engineering-host,"Detects DNS query patterns (high subdomain entropy, abnormal query volume to a single domain, or TXT/NULL record usage) from an OT DMZ or engineering host, consistent with the DNS-based C2 channels used by APT34/OilRig backdoors (e.g., Helminth, QUADAGENT) for covert command-and-control and data exf"
OTD-0109,Web Shell Activity on Internet-Facing OT-Adjacent Server,threat-actor,Sigma: Threat Actor,SIGMA:threat-actor/07,,0,Sigma,,,,,windows,process_creation/windows,,critical,experimental,02-detection/sigma/threat-actor/07_web-shell-activity-on-internet-facing-ot-adjacent-server.yml,web-shell-activity-on-internet-facing-ot-adjacent-server,"Detects a newly created ASPX/PHP/JSP file in a web-accessible directory followed by an HTTP request to that file producing a child process spawn from the web server process, matching the web shell deployment technique repeatedly used by APT34/OilRig against Middle East government and energy-sector t"
OTD-0110,Credential Harvesting Tool Execution on Engineering or SCADA Host,threat-actor,Sigma: Threat Actor,SIGMA:threat-actor/08,,0,Sigma,T0859,,,,windows,process_creation/windows,,critical,experimental,02-detection/sigma/threat-actor/08_credential-harvesting-tool-execution-on-engineering-or-scada.yml,credential-harvesting-tool-execution-on-engineering-or-scada,"Detects execution of Mimikatz, LaZagne, or equivalent credential-dumping tool signatures (LSASS access, SAM/SECURITY hive read) on an engineering workstation or SCADA server, a technique APT34/OilRig has consistently used to expand access from an initial IT foothold toward OT-adjacent systems."
OTD-0111,Low-and-Slow HTTPS Beaconing Indicative of OilRig-Class Backdoor C2,threat-actor,Sigma: Threat Actor,SIGMA:threat-actor/09,,0,Sigma,,,,,generic,network_connection/generic,,medium,experimental,02-detection/sigma/threat-actor/09_low-and-slow-https-beaconing-indicative-of-oilrig-class-back.yml,low-and-slow-https-beaconing-indicative-of-oilrig-class-back,"Detects a host establishing periodic, low-volume HTTPS connections to the same external destination at a highly regular interval over an extended period, consistent with the long-dwell, low-and-slow C2 beaconing behavior documented for APT34/OilRig implants (e.g., Outer Space, Juicy Mix, STEALHOOK)."
OTD-0112,Shamoon-Style MBR Wiper Execution,threat-actor,Sigma: Threat Actor,SIGMA:threat-actor/10,,0,Sigma,T0826,,,,windows,process_creation/windows,,critical,experimental,02-detection/sigma/threat-actor/10_shamoon-style-mbr-wiper-execution.yml,shamoon-style-mbr-wiper-execution,"Detects direct raw access to the physical disk device (\\.\PhysicalDrive0) combined with a service-creation event immediately followed by a system reboot, matching the Shamoon V3 wiper behavior attributed to APT33 in destructive attacks against Saudi Arabian and UAE energy-sector organizations."
OTD-0113,Password Spray Against OT Remote Access Portal,threat-actor,Sigma: Threat Actor,SIGMA:threat-actor/11,,0,Sigma,,,,,vpn,authentication/vpn,,high,experimental,02-detection/sigma/threat-actor/11_password-spray-against-ot-remote-access-portal.yml,password-spray-against-ot-remote-access-portal,"Detects a single source IP attempting authentication against many distinct user accounts on the OT remote-access VPN or jump-server portal within a short window, the initial-access technique APT33 has consistently used (alongside supply-chain compromise) against aerospace, energy, and government tar"
OTD-0114,Mass Malware Spreader Tool Execution Across Multiple Hosts,threat-actor,Sigma: Threat Actor,SIGMA:threat-actor/12,,0,Sigma,,,,,windows,process_creation/windows,,critical,experimental,02-detection/sigma/threat-actor/12_mass-malware-spreader-tool-execution-across-multiple-hosts.yml,mass-malware-spreader-tool-execution-across-multiple-hosts,"Detects a spreader-style executable enumerating network shares/hosts and then invoking PsExec against each in rapid succession, matching the OCLC.exe/Spreader.exe/SpreaderPSexec.exe toolchain APT33 used to distribute Shamoon V3 and Filerase wipers across victim networks."
OTD-0115,OPC UA Server Enumeration Followed by Node Value Tampering,threat-actor,Sigma: Threat Actor,SIGMA:threat-actor/13,,0,Sigma,T0846;T0856,,,,opcua,ics-network/opcua,,high,experimental,02-detection/sigma/threat-actor/13_opc-ua-server-enumeration-followed-by-node-value-tampering.yml,opc-ua-server-enumeration-followed-by-node-value-tampering,"Detects an OPC UA Browse/Read sequence against a server immediately followed by a Write call from the same client within a short window, matching the CHERNOVITE/PIPEDREAM TAGRUN module's pattern of scanning an OPC UA server, reading its node structure, and then tampering with reported values to mask"
OTD-0116,CODESYS Protocol Command to Schneider Controller From Non-Engineering Host,threat-actor,Sigma: Threat Actor,SIGMA:threat-actor/14,,0,Sigma,T0814;T0843;T0859,,,,codesys,ics-network/codesys,,critical,experimental,02-detection/sigma/threat-actor/14_codesys-protocol-command-to-schneider-controller-from-non-en.yml,codesys-protocol-command-to-schneider-controller-from-non-en,"Detects a CODESYS runtime protocol command (file delete, login brute-force attempt, file upload/download) directed at a Schneider Electric Modicon controller from a source host outside the designated engineering workstation list, matching the CHERNOVITE/PIPEDREAM CODECALL module's capability set."
OTD-0117,OMRON FINS/HTTP Backdoor Command Execution,threat-actor,Sigma: Threat Actor,SIGMA:threat-actor/15,,0,Sigma,T0859;T0883,,,,fins,ics-network/fins,,high,experimental,02-detection/sigma/threat-actor/15_omron-fins-http-backdoor-command-execution.yml,omron-fins-http-backdoor-command-execution,"Detects FINS protocol commands or HTTP requests to an OMRON controller's diagnostic/backdoor interface from a source not in the engineering allow-list, matching the CHERNOVITE/PIPEDREAM OMSHELL module's technique for scanning, connecting to, and issuing arbitrary commands against OMRON Sysmac NEX co"
OTD-0118,ASRock RGB Driver Exploitation Attempt (CVE-2020-15368),threat-actor,Sigma: Threat Actor,SIGMA:threat-actor/16,,0,Sigma,,,,,windows,driver_load/windows,,critical,experimental,02-detection/sigma/threat-actor/16_asrock-rgb-driver-exploitation-attempt-cve-2020-15368.yml,asrock-rgb-driver-exploitation-attempt-cve-2020-15368,"Detects loading of the vulnerable ASRock RGB driver (AsrDrv103.sys or related) on an engineering workstation or SCADA server, the kernel-level privilege-escalation and Windows Defender-bypass vector incorporated into the CHERNOVITE/PIPEDREAM toolkit (CVE-2020-15368)."
OTD-0119,Triconex Safety Controller Engineering Session From Unauthorized Host,threat-actor,Sigma: Threat Actor,SIGMA:threat-actor/17,,0,Sigma,T0800;T0837;T0859,,,,tristation,ics-network/tristation,,critical,experimental,02-detection/sigma/threat-actor/17_triconex-safety-controller-engineering-session-from-unauthor.yml,triconex-safety-controller-engineering-session-from-unauthor,"Detects a TriStation protocol engineering session (program download, key-switch state change, or memory write) to a Schneider Electric Triconex Safety Instrumented System controller from a host other than the single designated SIS engineering workstation, the exact access pattern used in the 2017 TR"
OTD-0120,Safety Controller Key-Switch or Mode Change Outside Proof-Test Window,threat-actor,Sigma: Threat Actor,SIGMA:threat-actor/18,,0,Sigma,T0800;T0858,,,,tristation,ics-network/tristation,,critical,experimental,02-detection/sigma/threat-actor/18_safety-controller-key-switch-or-mode-change-outside-proof-te.yml,safety-controller-key-switch-or-mode-change-outside-proof-te,"Detects a Safety Instrumented System controller mode change (RUN to PROGRAM) occurring outside the scheduled, documented proof-test or maintenance window, a precondition exploited in the TRITON/TRISIS attack where the SIS controller was placed in PROGRAM mode to allow malicious logic upload."
OTD-0121,Engineering Workstation Reflective/Memory-Only Process Injection,threat-actor,Sigma: Threat Actor,SIGMA:threat-actor/19,,0,Sigma,T0851,,,,windows,process_access/windows,,high,experimental,02-detection/sigma/threat-actor/19_engineering-workstation-reflective-memory-only-process-injec.yml,engineering-workstation-reflective-memory-only-process-injec,"Detects indicators of reflective DLL loading or memory-only code execution (no corresponding on-disk image, anomalous memory protection flags) on an engineering workstation, the evasion class of technique pioneered by Stuxnet's rootkit components to hide malicious PLC project-file modifications from"
OTD-0122,Mass File Encryption or Rename Activity on OT Historian or Engineering Host,threat-actor,Sigma: Threat Actor,SIGMA:threat-actor/20,,0,Sigma,T0826,,,,windows,file_event/windows,,critical,experimental,02-detection/sigma/threat-actor/20_mass-file-encryption-or-rename-activity-on-ot-historian-or-e.yml,mass-file-encryption-or-rename-activity-on-ot-historian-or-e,"Detects a high rate of file rename/modify events with new or unusual extensions on an OT historian or engineering workstation within a short window, the ransomware-encryption pattern that forced precautionary OT shutdowns in the Colonial Pipeline (DarkSide) and Norsk Hydro (LockerGoga) incidents eve"
OTD-0123,Unitronics Vision PLC Default Port Access (BAUXITE Pattern),advisory,Sigma: CTI Advisory,SIGMA:advisory/01,,0,Sigma,T0806;T0810,,,,generic,ics-network/generic,,critical,experimental,02-detection/sigma/advisory/01_unitronics-vision-plc-default-port-access-bauxite-pattern.yml,unitronics-vision-plc-default-port-access-bauxite-pattern,"Detects a connection attempt to a Unitronics Vision Series PLC's web management interface on its default port (20256) from a source outside the designated engineering/HMI allow-list, the confirmed exploitation vector used by BAUXITE/CyberAv3ngers in the 2023 water-utility campaign and ongoing GCC wa"
OTD-0124,HMI Display Screen Defacement or Unauthorized Image/Text Overwrite,advisory,Sigma: CTI Advisory,SIGMA:advisory/02,,0,Sigma,T0829;T0831,,,,windows,file_event/windows,,critical,experimental,02-detection/sigma/advisory/02_hmi-display-screen-defacement-or-unauthorized-image-text-ove.yml,hmi-display-screen-defacement-or-unauthorized-image-text-ove,"Detects an HMI project file or display screen being overwritten with new image/text resources outside an approved change window, matching the CyberAv3ngers defacement pattern of replacing HMI screens with propaganda imagery and ""You have been hacked"" messaging following PLC compromise."
OTD-0125,Post-Unitronics-Compromise Lateral Movement via SMB/RDP From PLC Network Segment,advisory,Sigma: CTI Advisory,SIGMA:advisory/03,,0,Sigma,T0867,,,,generic,firewall/generic,,high,experimental,02-detection/sigma/advisory/03_post-unitronics-compromise-lateral-movement-via-smb-rdp-from.yml,post-unitronics-compromise-lateral-movement-via-smb-rdp-from,"Detects SMB or RDP traffic originating from the network segment hosting Unitronics or other internet-exposed PLCs, indicating an adversary has pivoted from PLC-level access to broader IT-style lateral movement using native Windows tooling, consistent with confirmed BAUXITE post-compromise behavior."
OTD-0126,Remote Management Tool Installation on OT-Adjacent Host (MuddyWater Pattern),advisory,Sigma: CTI Advisory,SIGMA:advisory/04,,0,Sigma,T0883,,,,windows,process_creation/windows,,high,experimental,02-detection/sigma/advisory/04_remote-management-tool-installation-on-ot-adjacent-host-mudd.yml,remote-management-tool-installation-on-ot-adjacent-host-mudd,"Detects installation or first-run execution of Atera, RemoteUtilities, or ScreenConnect on a host within the OT DMZ or L3 server tier outside the approved software baseline, the remote-management tooling MuddyWater is documented using to gain footholds that are then handed off to other IRGC-directed"
OTD-0127,Bulk Exfiltration of OT Documentation and Network Diagrams (Moses Staff Pattern),advisory,Sigma: CTI Advisory,SIGMA:advisory/05,,0,Sigma,T0811,,,,windows,process_creation/windows,,high,experimental,02-detection/sigma/advisory/05_bulk-exfiltration-of-ot-documentation-and-network-diagrams-m.yml,bulk-exfiltration-of-ot-documentation-and-network-diagrams-m,"Detects a large-volume outbound data transfer or archive-creation event (zip/rar/7z) on a host holding OT engineering documentation, network diagrams, or process specifications, matching the data-theft-for-publication pattern used by Moses Staff/Abraham's Ax against Israeli and Gulf-aligned industri"
OTD-0128,Ransomware Precursor — Lateral Movement Targeting Historian or SCADA Hostnames,advisory,Sigma: CTI Advisory,SIGMA:advisory/06,,0,Sigma,T0888,,,,windows,authentication/windows,,high,experimental,02-detection/sigma/advisory/06_ransomware-precursor-lateral-movement-targeting-historian-or.yml,ransomware-precursor-lateral-movement-targeting-historian-or,"Detects directory/share enumeration or authentication attempts specifically targeting hostnames matching historian or SCADA naming conventions during a broader lateral-movement sequence, the deliberate OT-hunting behavior documented in RansomHub-attributed intrusions seeking to maximize extortion le"
OTD-0129,Mass File Transfer Appliance Exploitation Preceding OT Document Theft (Cl0p Pattern),advisory,Sigma: CTI Advisory,SIGMA:advisory/07,,0,Sigma,,,,,windows,process_creation/windows,,critical,experimental,02-detection/sigma/advisory/07_mass-file-transfer-appliance-exploitation-preceding-ot-docum.yml,mass-file-transfer-appliance-exploitation-preceding-ot-docum,"Detects exploitation indicators against a managed file transfer appliance (MOVEit, GoAnywhere) — webshell creation, anomalous SQL injection patterns, or unexpected administrative API calls — which Cl0p and similar data-extortion groups have used against Gulf petrochemical and engineering firms to ex"
OTD-0130,Sensor Gateway Mass Filesystem Wipe or RS485/MBus Disruption (Fuxnet Pattern),advisory,Sigma: CTI Advisory,SIGMA:advisory/08,,0,Sigma,T0826,,,,generic,device_event/generic,,critical,experimental,02-detection/sigma/advisory/08_sensor-gateway-mass-filesystem-wipe-or-rs485-mbus-disruption.yml,sensor-gateway-mass-filesystem-wipe-or-rs485-mbus-disruption,"Detects multiple sensor gateway devices (e.g., Segnetics Pixel-class controllers and similar RS485/MBus gateways) losing connectivity or reporting filesystem/MBR-level errors within a short window, matching the Fuxnet malware pattern of bricking sensor infrastructure at scale — a technique demonstra"
OTD-0131,Coordinated Multi-Site SCADA Command Triggering Mass Manual-Fallback (Predatory Sparrow-Class Pattern),advisory,Sigma: CTI Advisory,SIGMA:advisory/09,,0,Sigma,T0826;T0855,,,,generic,ics-network/generic,,critical,experimental,02-detection/sigma/advisory/09_coordinated-multi-site-scada-command-triggering-mass-manual.yml,coordinated-multi-site-scada-command-triggering-mass-manual,"Detects a single operator session or automated process issuing the same SCADA/DCS command across many geographically distinct sites (e.g., fuel-distribution points or production lines) within a short window, the coordinated-disruption pattern demonstrated in nation-state attacks that forced manual f"
OTD-0132,Password Spray Against Cloud Identity Tenant Serving OT-Adjacent Accounts,advisory,Sigma: CTI Advisory,SIGMA:advisory/10,,0,Sigma,,,,,azuread,authentication/azuread,,high,experimental,02-detection/sigma/advisory/10_password-spray-against-cloud-identity-tenant-serving-ot-adja.yml,password-spray-against-cloud-identity-tenant-serving-ot-adja,"Detects password-spray authentication patterns against an Office 365 / Azure AD tenant where the targeted accounts include OT engineering or energy-sector operations staff, the specific cloud-identity attack vector the advisory attributes to sustained APT33 activity against Saudi and UAE energy orga"
OTD-0133,Security Event Log Cleared on OT Network System,advisory,Sigma: CTI Advisory,SIGMA:advisory/11,,0,Sigma,T0851,,,,windows,system/windows,,critical,experimental,02-detection/sigma/advisory/11_security-event-log-cleared-on-ot-network-system.yml,security-event-log-cleared-on-ot-network-system,"Detects Windows Security event log clearing (Event ID 1102) or System log clearing (Event ID 104) on a host within the OT network, an explicit high-value detection signature called out in the Shieldworkz advisory as an anti-forensic indicator frequently preceding or following destructive or disrupti"
OTD-0134,PLC Configuration Drift From Verified Offline Backup,advisory,Sigma: CTI Advisory,SIGMA:advisory/12,,0,Sigma,T0839;T0873,,,,generic,ics-network/generic,,critical,experimental,02-detection/sigma/advisory/12_plc-configuration-drift-from-verified-offline-backup.yml,plc-configuration-drift-from-verified-offline-backup,"Detects a live PLC's program checksum or block hash differing from the last verified offline reference backup without a corresponding approved change record, operationalizing the advisory's threat-hunting hypothesis (H5) that critical process unit logic may be silently modified since the last verifi"
OTD-0135,Historian Query Pattern Anomaly From IT-Network Host,advisory,Sigma: CTI Advisory,SIGMA:advisory/13,,0,Sigma,T0801;T0811,,,,generic,network_connection/generic,,medium,experimental,02-detection/sigma/advisory/13_historian-query-pattern-anomaly-from-it-network-host.yml,historian-query-pattern-anomaly-from-it-network-host,"Detects an IT-zone host issuing a high volume or unusual breadth of queries against the PI System or Aveva Historian, operationalizing the advisory's threat-hunting hypothesis (H1) that an adversary already holding IT access may be conducting passive OT reconnaissance via historian query patterns ra"
OTD-0136,Engineering Workstation Outbound Connection to Infrastructure Outside Approved List,advisory,Sigma: CTI Advisory,SIGMA:advisory/14,,0,Sigma,T0883,,,,generic,dns/generic,,high,experimental,02-detection/sigma/advisory/14_engineering-workstation-outbound-connection-to-infrastructur.yml,engineering-workstation-outbound-connection-to-infrastructur,"Detects an engineering workstation resolving or connecting to external infrastructure not present in its approved outbound destination list, operationalizing the advisory's threat-hunting hypothesis (H2) that EWS compromise often manifests first as unexpected outbound connectivity before any OT-side"
OTD-0137,Vendor VPN Authentication Outside Approved Window or Geography,advisory,Sigma: CTI Advisory,SIGMA:advisory/15,,0,Sigma,T0883,,,,vpn,authentication/vpn,,medium,experimental,02-detection/sigma/advisory/15_vendor-vpn-authentication-outside-approved-window-or-geograp.yml,vendor-vpn-authentication-outside-approved-window-or-geograp,"Detects a vendor remote-access VPN authentication occurring outside the approved maintenance time window or from a geographic location inconsistent with the vendor's documented support location, operationalizing the advisory's threat-hunting hypothesis (H3) covering vendor account misuse or compromi"
OTD-0138,Dormant Vendor Account First-Use After Extended Inactivity,advisory,Sigma: CTI Advisory,SIGMA:advisory/16,,0,Sigma,T0859,,,,generic,authentication/generic,,high,experimental,02-detection/sigma/advisory/16_dormant-vendor-account-first-use-after-extended-inactivity.yml,dormant-vendor-account-first-use-after-extended-inactivity,"Detects authentication using a vendor or commissioning account that has had no successful login for more than 180 days, surfacing the legacy/dormant-account blind spot the advisory identifies as a common and persistent regional OT security gap that provides adversaries with pre-existing, authorized-"
OTD-0139,Unauthenticated Modbus/DNP3 Traffic Through Legacy Serial-to-Ethernet Gateway,advisory,Sigma: CTI Advisory,SIGMA:advisory/17,,0,Sigma,T0846;T0855,,,,generic,ics-network/generic,,high,experimental,02-detection/sigma/advisory/17_unauthenticated-modbus-dnp3-traffic-through-legacy-serial-to.yml,unauthenticated-modbus-dnp3-traffic-through-legacy-serial-to,"Detects Modbus or DNP3 traffic traversing a known legacy serial-to-Ethernet converter device from a source not in the approved polling list, surfacing the advisory's identified blind spot where operators migrating to Ethernet-based OT networks retained serial-to-Ethernet gateways that expose previou"
OTD-0140,Unauthorized Association to Industrial Wireless Network (WirelessHART/ISA100/OT Wi-Fi),advisory,Sigma: CTI Advisory,SIGMA:advisory/18,,0,Sigma,T0822;T0846,,,,generic,wireless/generic,,high,experimental,02-detection/sigma/advisory/18_unauthorized-association-to-industrial-wireless-network-wire.yml,unauthorized-association-to-industrial-wireless-network-wire,"Detects a device MAC address not present in the approved asset inventory associating to an industrial wireless network (WirelessHART, ISA100, or OT-dedicated Wi-Fi used for mobile operations), surfacing the advisory's identified wireless-exposure blind spot where these networks are frequently deploy"
OTD-0141,OT Cloud Agent Unexpected Outbound Data Pathway,advisory,Sigma: CTI Advisory,SIGMA:advisory/19,,0,Sigma,T0846,,,,generic,firewall/generic,,medium,experimental,02-detection/sigma/advisory/19_ot-cloud-agent-unexpected-outbound-data-pathway.yml,ot-cloud-agent-unexpected-outbound-data-pathway,"Detects an OT-side cloud-connectivity agent (asset performance management, remote monitoring service, or IIoT gateway) establishing a connection to a cloud endpoint not in the approved vendor cloud allow-list, surfacing the advisory's identified blind spot where cloud data pathways are established w"
OTD-0142,Spearphishing Lure Execution by OT Engineering Personnel,advisory,Sigma: CTI Advisory,SIGMA:advisory/20,,0,Sigma,,,,,windows,process_creation/windows,,critical,experimental,02-detection/sigma/advisory/20_spearphishing-lure-execution-by-ot-engineering-personnel.yml,spearphishing-lure-execution-by-ot-engineering-personnel,"Detects an Office application spawning a script interpreter or LOLBin process on a host belonging to OT engineering personnel shortly after opening an email attachment, matching the advisory's documented pattern of profession-relevant spearphishing lures (technical manuals, software update notices, "
OTD-0143,Command ASDU from non-master,protocol-ndr,OT Protocol Defense (NDR),104-01,,0,IEC-104,T0855,,,,IEC-104,iec104.log,,critical,Validated,,command-asdu-from-non-master,C_SC/C_DC/C_RC/C_SE from host outside master baseline
OTD-0144,Setpoint command,protocol-ndr,OT Protocol Defense (NDR),104-02,,0,IEC-104,T0836,,,,IEC-104,iec104.log,,high,Validated,,setpoint-command,C_SE (48-50) to a command IOA
OTD-0145,Interrogation recon,protocol-ndr,OT Protocol Defense (NDR),104-03,,0,IEC-104,T0846,,,,IEC-104,iec104.log,,medium,Validated,,interrogation-recon,C_IC (100) from unexpected source
OTD-0146,Clock-sync/reset abuse,protocol-ndr,OT Protocol Defense (NDR),104-04,,0,IEC-104,T0814,,,,IEC-104,iec104.log,,high,Validated,,clock-sync-reset-abuse,C_CS (103) / C_RP (105) anomalies
OTD-0147,MMS control Operate from non-master,protocol-ndr,OT Protocol Defense (NDR),61850-01,,0,IEC 61850,T0855,,,,IEC 61850,mms.log/ICSNPP-61850,,critical,Validated,,mms-control-operate-from-non-master,Operate on control object from outside SCADA baseline
OTD-0148,MMS write to named variable,protocol-ndr,OT Protocol Defense (NDR),61850-02,,0,IEC 61850,T0836,,,,IEC 61850,mms.log,,high,Validated,,mms-write-to-named-variable,Write service to critical variables
OTD-0149,GOOSE stNum/sqNum anomaly,protocol-ndr,OT Protocol Defense (NDR),61850-03,,0,IEC 61850,T0856,,,,IEC 61850,L2 capture / ICSNPP-61850,,critical,Validated,,goose-stnum-sqnum-anomaly,Out-of-sequence or jumped state number (spoof signature)
OTD-0150,GOOSE from unexpected source,protocol-ndr,OT Protocol Defense (NDR),61850-04,,0,IEC 61850,T0856,,,,IEC 61850,L2 capture,,high,Validated,,goose-from-unexpected-source,GOOSE with unknown source MAC / wrong segment
OTD-0151,WriteProperty to command object,protocol-ndr,OT Protocol Defense (NDR),BAC-01,,0,BACnet,T0836,,,,BACnet,bacnet.log,,high,Validated,,writeproperty-to-command-object,WriteProperty(Multiple) to AO/BO/AV/BV present-value from unexpected source
OTD-0152,Who-Is sweep (recon),protocol-ndr,OT Protocol Defense (NDR),BAC-02,,0,BACnet,T0846,,,,BACnet,bacnet.log,,medium,Validated,,who-is-sweep-recon,Broad/repeated Who-Is from one source
OTD-0153,DeviceCommunicationControl,protocol-ndr,OT Protocol Defense (NDR),BAC-03,,0,BACnet,T0814,,,,BACnet,bacnet.log,,high,Validated,,devicecommunicationcontrol,Any DeviceCommunicationControl service
OTD-0154,ReinitializeDevice,protocol-ndr,OT Protocol Defense (NDR),BAC-04,,0,BACnet,T0816,,,,BACnet,bacnet.log,,high,Validated,,reinitializedevice,Any ReinitializeDevice service
OTD-0155,Operate from non-master,protocol-ndr,OT Protocol Defense (NDR),DNP3-01,,0,DNP3,T0855,,,,DNP3,dnp3.log,,critical,Validated,,operate-from-non-master,FC 4/5 from outside master baseline
OTD-0156,Unsolicited-response anomaly,protocol-ndr,OT Protocol Defense (NDR),DNP3-04,,0,DNP3,T0856,,,,DNP3,dnp3.log,,high,Validated,,unsolicited-response-anomaly,Unexpected FC 130 / spoofed outstation source
OTD-0157,Tag/Set_Attribute write from non-controller,protocol-ndr,OT Protocol Defense (NDR),ENIP-01,,0,EtherNet/IP,T0836,,,,EtherNet/IP,cip.log,,high,Validated,,tag-set-attribute-write-from-non-controller,CIP write service from host outside controller/EWS baseline
OTD-0158,ListIdentity sweep,protocol-ndr,OT Protocol Defense (NDR),ENIP-02,,0,EtherNet/IP,T0846,,,,EtherNet/IP,enip.log,,medium,Validated,,listidentity-sweep,UDP/44818 ListIdentity to many hosts / unexpected source
OTD-0159,forward_open from unexpected source,protocol-ndr,OT Protocol Defense (NDR),ENIP-03,,0,EtherNet/IP,T0855,,,,EtherNet/IP,enip.log,,high,Validated,,forward-open-from-unexpected-source,Connection establishment from non-controller
OTD-0160,Write to config class,protocol-ndr,OT Protocol Defense (NDR),ENIP-04,,0,EtherNet/IP,T0836,,,,EtherNet/IP,cip.log,,high,Validated,,write-to-config-class,Set_Attribute to identity/config/assembly classes
OTD-0161,Anonymous FTP login to OT device,protocol-ndr,OT Protocol Defense (NDR),FTP-01,,0,FTP,T0822,,,,FTP,ftp.log / server log,,high,Validated,,anonymous-ftp-login-to-ot-device,USER anonymous accepted on OT asset
OTD-0162,FTP brute force,protocol-ndr,OT Protocol Defense (NDR),FTP-02,,0,FTP,T0859,,,,FTP,ftp.log / server log,,high,Validated,,ftp-brute-force,Many failed logins then success from one source
OTD-0163,Upload to a control device,protocol-ndr,OT Protocol Defense (NDR),FTP-03,,0,FTP,T0839,,,,FTP,ftp.log,,high,Validated,,upload-to-a-control-device,STOR/PUT to a PLC/RTU/gateway
OTD-0164,Firmware/project file transfer,protocol-ndr,OT Protocol Defense (NDR),FTP-04,,0,FTP,T0873,,,,FTP,ftp.log + filename,,high,Validated,,firmware-project-file-transfer,Firmware/project extensions transferred to/from OT
OTD-0165,Web login brute force,protocol-ndr,OT Protocol Defense (NDR),HTTP-01,,0,HTTP,T0859,,,,HTTP,web-app log / http.log,,high,Validated,,web-login-brute-force,Many auth failures then success to OT web UI
OTD-0166,Directory/endpoint enumeration,protocol-ndr,OT Protocol Defense (NDR),HTTP-02,,0,HTTP,T0846,,,,HTTP,http.log / WAF,,medium,Validated,,directory-endpoint-enumeration,Burst of 404s / many distinct paths from one source
OTD-0167,New client to device web UI,protocol-ndr,OT Protocol Defense (NDR),HTTP-03,,0,HTTP,T0822,,,,HTTP,NDR + baseline,,medium,Validated,,new-client-to-device-web-ui,First-time source to OT web UI pair
OTD-0168,Post-login control action,protocol-ndr,OT Protocol Defense (NDR),HTTP-04,,0,HTTP,T0831,,,,HTTP,web-app log,,high,Validated,,post-login-control-action,Config/upload/start-stop endpoints hit after login
OTD-0169,Write to critical register,protocol-ndr,OT Protocol Defense (NDR),MOD-02,,0,Modbus,T0836,,,,Modbus,modbus.log + tag map,,critical,Validated,,write-to-critical-register,Write to safety/critical register range
OTD-0170,Diagnostic abuse,protocol-ndr,OT Protocol Defense (NDR),MOD-04,,0,Modbus,T0814,,,,Modbus,modbus.log,,high,Validated,,diagnostic-abuse,FC 8 sub-functions (restart / listen-only)
OTD-0171,Cross-zone Modbus,protocol-ndr,OT Protocol Defense (NDR),MOD-05,,0,Modbus,T0885,,,,Modbus,firewall/NDR,,high,Validated,,cross-zone-modbus,Any TCP/502 crossing IT to OT boundary
OTD-0172,Publish to command topic,protocol-ndr,OT Protocol Defense (NDR),MQTT-01,,0,MQTT,T0855,,,,MQTT,mqtt.log / broker log,,high,Validated,,publish-to-command-topic,PUBLISH to control topic from non-authorized client id
OTD-0173,Wildcard subscribe (mass recon),protocol-ndr,OT Protocol Defense (NDR),MQTT-02,,0,MQTT,T0846,,,,MQTT,mqtt.log / broker log,,medium,Validated,,wildcard-subscribe-mass-recon,SUBSCRIBE with # or high-level +
OTD-0174,Anonymous/new client connect,protocol-ndr,OT Protocol Defense (NDR),MQTT-03,,0,MQTT,T0822,,,,MQTT,broker log,,medium,Validated,,anonymous-new-client-connect,CONNECT with no auth or new client id
OTD-0175,Retained-message tampering,protocol-ndr,OT Protocol Defense (NDR),MQTT-04,,0,MQTT,T0856,,,,MQTT,mqtt.log,,high,Validated,,retained-message-tampering,Retained flag on command-topic publish
OTD-0176,Anonymous/None session,protocol-ndr,OT Protocol Defense (NDR),OPC-01,,0,OPC UA,T0859,,,,OPC UA,opcua.log / server audit,,high,Validated,,anonymous-none-session,ActivateSession anonymous or securityMode None vs policy
OTD-0177,Write to command node,protocol-ndr,OT Protocol Defense (NDR),OPC-02,,0,OPC UA,T0836,,,,OPC UA,opcua.log,,high,Validated,,write-to-command-node,Write service to control NodeId from unexpected client
OTD-0178,CallMethod to control method,protocol-ndr,OT Protocol Defense (NDR),OPC-03,,0,OPC UA,T0831,,,,OPC UA,opcua.log,,high,Validated,,callmethod-to-control-method,Call service invoking a control method
OTD-0179,Browse sweep (recon),protocol-ndr,OT Protocol Defense (NDR),OPC-04,,0,OPC UA,T0846,,,,OPC UA,opcua.log,,medium,Validated,,browse-sweep-recon,Broad Browse/Read across address space from new client
OTD-0180,PLC STOP/START,protocol-ndr,OT Protocol Defense (NDR),S7-01,,0,S7comm,T0813,,,,S7comm,s7comm.log,,critical,Validated,,plc-stop-start,S7 PLC-control function from any source
OTD-0181,Program upload (logic theft),protocol-ndr,OT Protocol Defense (NDR),S7-03,,0,S7comm,T0845,,,,S7comm,s7comm.log,,high,Validated,,program-upload-logic-theft,Block upload
OTD-0182,Write from non-engineering source,protocol-ndr,OT Protocol Defense (NDR),S7-04,,0,S7comm,T0836,,,,S7comm,s7comm.log,,high,Validated,,write-from-non-engineering-source,Write-var from host outside EWS baseline
OTD-0183,SZL/system recon,protocol-ndr,OT Protocol Defense (NDR),S7-05,,0,S7comm,T0888,,,,S7comm,s7comm.log,,medium,Validated,,szl-system-recon,Read SZL / system-status from unexpected source
OTD-0184,Vertical scan,protocol-ndr,OT Protocol Defense (NDR),SCAN-02,,0,Scanning,T0840,,,,Scanning,NetFlow / conn.log,,medium,Validated,,vertical-scan,One source to many ports on one host
OTD-0185,Scan from unexpected source,protocol-ndr,OT Protocol Defense (NDR),SCAN-03,,0,Scanning,T0846,,,,Scanning,NDR + baseline,,high,Validated,,scan-from-unexpected-source,Any scan pattern from host outside mgmt baseline
OTD-0186,OT control-port probing,protocol-ndr,OT Protocol Defense (NDR),SCAN-04,,0,Scanning,T0846,,,,Scanning,NDR/Zeek,,high,Validated,,ot-control-port-probing,Probes to 502/102/2404/20000/44818/47808 from non-master
OTD-0187,VNC to a control host,protocol-ndr,OT Protocol Defense (NDR),VNC-01,,0,VNC,T0822,,,,VNC,conn.log/NDR + asset context,,high,Validated,,vnc-to-a-control-host,Session to EWS/HMI/PLC from any source
OTD-0188,VNC from unexpected source,protocol-ndr,OT Protocol Defense (NDR),VNC-02,,0,VNC,T0822,,,,VNC,NDR + baseline,,high,Validated,,vnc-from-unexpected-source,New source-to-EWS VNC pair or off-hours
OTD-0189,Post-session engineering activity,protocol-ndr,OT Protocol Defense (NDR),VNC-03,,0,VNC,T0843,,,,VNC,host Sysmon + S7/ENIP network,,critical,Validated,,post-session-engineering-activity,Engineering-tool launch / program download after VNC session
OTD-0190,Cross-zone VNC,protocol-ndr,OT Protocol Defense (NDR),VNC-04,,0,VNC,T0822,,,,VNC,firewall,,high,Validated,,cross-zone-vnc,VNC crossing IT to OT boundary
OTD-0191,Tag out of operating envelope,historian,OT Historian Detection,HIST-A01,,0,A-statistical-envelope,T0836;T0831,,,L3,,historian,,medium,production,02-detection/historian/A-statistical-envelope/A01-tag-out-of-envelope,tag-out-of-operating-envelope,"A measured analog value breaches its normal operating band for its current operating mode (engineering limits where defined, else the P1-P99 percentile band from a validated clean window), sustained past a dwell threshold. Catches manipulated setpoints, spoofed actuator commands, and process upsets."
OTD-0192,Setpoint outside approved range,historian,OT Historian Detection,HIST-B01,,0,B-setpoint-control,T0836,,,L3,,historian,,high,production,02-detection/historian/B-setpoint-control/B01-setpoint-outside-range,setpoint-outside-approved-range,"A setpoint is written outside its MOC-approved operating band. Direct attacker/insider intent signal (Oldsmar class). Setpoints are written, not drifted, so a single out-of-range write is the event."
OTD-0193,Frozen value / replay,historian,OT Historian Detection,HIST-C01,,0,C-replay-stale,T0856;T0815,,,L3,,historian,,medium,production,02-detection/historian/C-replay-stale/C01-frozen-value-replay,frozen-value-replay,"An analog PV holds perfectly constant beyond its normal stall duration, or its variance collapses below its noise floor. Catches stuck/failed sensors and replayed/held values used to mask a manipulation on the reporting path."
OTD-0194,Impossible state combination,historian,OT Historian Detection,HIST-D02,,0,D-physical-plausibility,T0835;T0831,,,L3,,historian,,high,production,02-detection/historian/D-physical-plausibility/D02-impossible-state-combination,impossible-state-combination,"Two or more independent tags simultaneously report a physically impossible combination (e.g. pump OFF but downstream flow present). Indicates a spoofed reading, manipulated I/O image, or serious instrument fault. Cross-checks independent tags against a plant physical invariant."
OTD-0195,Historian vs live PLC value divergence,historian,OT Historian Detection,HIST-E01,,0,E-data-integrity,T0832;T0856,,,L3,,historian,,high,production,02-detection/historian/E-data-integrity/E01-historian-plc-divergence,historian-vs-live-plc-value-divergence,"The same physical tag, collected independently through the normal control->HMI->historian path and via a direct read from the controller, disagree beyond sensor tolerance. Detects manipulation-of-view / spoofed reporting where the operator is shown a fabricated normal value (Stuxnet class)."
OTD-0196,SIF trip-point approach,historian,OT Historian Detection,HIST-G01,,0,G-safety-alarm,T0880;T0837,,,L3,,historian,,high,production,02-detection/historian/G-safety-alarm/G01-sif-trip-point-approach,sif-trip-point-approach,"A safety-related PV trends steadily toward its SIF trip setpoint, entering the engineered safe margin with a shrinking margin over time. Early-warning signal for a safety-targeting attack (TRITON/TRISIS class) before the SIS is tested or defeated. Monitoring control only - never interacts with the s"
OTD-0197,Encoded/suspicious PowerShell,perimeter,Perimeter-to-Endpoint,EDR-01,,0,endpoint,T1059.001,,,L3.5/IT,,4104/Sysmon1/MDE,,high,Validated,,encoded-suspicious-powershell,signature
OTD-0198,LOLBin abuse,perimeter,Perimeter-to-Endpoint,EDR-02,,0,endpoint,T1218,,,L3.5/IT,,4688/Sysmon1/MDE,,high,Validated,,lolbin-abuse,signature
OTD-0199,Credential access LSASS,perimeter,Perimeter-to-Endpoint,EDR-03,,0,endpoint,T1003.001,,,L3.5/IT,,Sysmon10/MDE,,critical,Validated,,credential-access-lsass,signature
OTD-0200,Persistence run key/startup,perimeter,Perimeter-to-Endpoint,EDR-04,,0,endpoint,T1547.001,,,L3.5/IT,,Sysmon13/MDE,,high,Validated,,persistence-run-key-startup,signature
OTD-0201,Persistence service install,perimeter,Perimeter-to-Endpoint,EDR-05,,0,endpoint,T1543.003,,,L3.5/IT,,7045/MDE,,high,Validated,,persistence-service-install,signature
OTD-0202,Persistence scheduled task,perimeter,Perimeter-to-Endpoint,EDR-06,,0,endpoint,T1053.005,,,L3.5/IT,,4698/MDE,,medium,Validated,,persistence-scheduled-task,signature
OTD-0203,Defense evasion log clearing,perimeter,Perimeter-to-Endpoint,EDR-07,,0,endpoint,T1070.001,,,L3.5/IT,,1102/SecurityEvent,,high,Validated,,defense-evasion-log-clearing,signature
OTD-0204,Defense evasion AV/EDR tamper,perimeter,Perimeter-to-Endpoint,EDR-08,,0,endpoint,T1562.001,,,L3.5/IT,,Defender/MDE,,critical,Validated,,defense-evasion-av-edr-tamper,signature
OTD-0205,Suspicious parent-child,perimeter,Perimeter-to-Endpoint,EDR-09,,0,endpoint,T1059,,,L3.5/IT,,Sysmon1/MDE,,high,Validated,,suspicious-parent-child,signature
OTD-0206,Masquerading binary,perimeter,Perimeter-to-Endpoint,EDR-10,,0,endpoint,T1036.005,,,L3.5/IT,,Sysmon1/MDE,,medium,Validated,,masquerading-binary,signature
OTD-0207,Internal host scanning,perimeter,Perimeter-to-Endpoint,EW-01,,0,east-west,T1046,,,L3.5/IT,,flow/DeviceNetworkEvents,,high,Validated,,internal-host-scanning,baseline
OTD-0208,New east-west peer relationship,perimeter,Perimeter-to-Endpoint,EW-02,,0,east-west,T1021,,,L3.5/IT,,flow baseline,,medium,Validated,,new-east-west-peer-relationship,baseline
OTD-0209,Lateral SMB admin shares,perimeter,Perimeter-to-Endpoint,EW-03,,0,east-west,T1021.002,,,L3.5/IT,,5140/5145/MDE,,high,Validated,,lateral-smb-admin-shares,signature
OTD-0210,Lateral RDP internal spread,perimeter,Perimeter-to-Endpoint,EW-04,,0,east-west,T1021.001,,,L3.5/IT,,4624t10/flow,,high,Validated,,lateral-rdp-internal-spread,baseline
OTD-0211,Lateral WMI/WinRM exec,perimeter,Perimeter-to-Endpoint,EW-05,,0,east-west,T1021.006,,,L3.5/IT,,Sysmon1/MDE,,high,Validated,,lateral-wmi-winrm-exec,signature
OTD-0212,Remote service creation PsExec-like,perimeter,Perimeter-to-Endpoint,EW-06,,0,east-west,T1569,,,L3.5/IT,,7045+5145,,high,Validated,,remote-service-creation-psexec-like,signature
OTD-0213,Pass-the-hash/anomalous NTLM,perimeter,Perimeter-to-Endpoint,EW-07,,0,east-west,T1550.002,,,L3.5/IT,,4624/4776,,high,Validated,,pass-the-hash-anomalous-ntlm,signature
OTD-0214,Kerberoasting,perimeter,Perimeter-to-Endpoint,EW-08,,0,east-west,T1558.003,,,L3.5/IT,,4769,,high,Validated,,kerberoasting,signature
OTD-0215,Internal DNS/AD recon,perimeter,Perimeter-to-Endpoint,EW-09,,0,east-west,T1087,,,L3.5/IT,,4662/DNS/Sysmon,,medium,Validated,,internal-dns-ad-recon,baseline
OTD-0216,Brute force single account,perimeter,Perimeter-to-Endpoint,IAM-01,,0,identity,T1110.001,,,L3.5/IT,,auth/SigninLogs,,medium,Validated,,brute-force-single-account,signature
OTD-0217,Password spray,perimeter,Perimeter-to-Endpoint,IAM-02,,0,identity,T1110.003,,,L3.5/IT,,auth/SigninLogs,,high,Validated,,password-spray,signature
OTD-0218,Success after repeated failures,perimeter,Perimeter-to-Endpoint,IAM-03,,0,identity,T1110,,,L3.5/IT,,auth/SigninLogs,,high,Validated,,success-after-repeated-failures,signature
OTD-0219,Privilege/permission change,perimeter,Perimeter-to-Endpoint,IAM-04,,0,identity,T1098,,,L3.5/IT,,SecurityEvent/AuditLogs,,high,Validated,,privilege-permission-change,signature
OTD-0220,New/re-enabled account then use,perimeter,Perimeter-to-Endpoint,IAM-05,,0,identity,T1136,,,L3.5/IT,,Security/AuditLogs,,medium,Validated,,new-re-enabled-account-then-use,signature
OTD-0221,Impossible travel/atypical geo,perimeter,Perimeter-to-Endpoint,IAM-06,,0,identity,T1078,,,L3.5/IT,,SigninLogs,,high,Validated,,impossible-travel-atypical-geo,baseline
OTD-0222,Off-hours privileged logon,perimeter,Perimeter-to-Endpoint,IAM-07,,0,identity,T1078,,,L3.5/IT,,auth,,medium,Validated,,off-hours-privileged-logon,baseline
OTD-0223,Disabled/dormant account use,perimeter,Perimeter-to-Endpoint,IAM-08,,0,identity,T1078.002,,,L3.5/IT,,auth,,high,Validated,,disabled-dormant-account-use,signature
OTD-0224,MFA fatigue,perimeter,Perimeter-to-Endpoint,IAM-09,,0,identity,T1621,,,L3.5/IT,,SigninLogs,,high,Validated,,mfa-fatigue,signature
OTD-0225,Ingress/egress volume baseline deviation,perimeter,Perimeter-to-Endpoint,NET-01,,0,network-dos,T1498,,,L3.5/IT,,firewall/flow,,medium,Validated,,ingress-egress-volume-baseline-deviation,baseline
OTD-0226,SYN flood,perimeter,Perimeter-to-Endpoint,NET-02,,0,network-dos,T1498.001,,,L3.5/IT,,firewall/flow,,high,Validated,,syn-flood,signature
OTD-0227,UDP/amplification flood,perimeter,Perimeter-to-Endpoint,NET-03,,0,network-dos,T1498.002,,,L3.5/IT,,flow,,high,Validated,,udp-amplification-flood,signature
OTD-0228,Connection-rate spike to a service,perimeter,Perimeter-to-Endpoint,NET-04,,0,network-dos,T1498,,,L3.5/IT,,firewall/flow,,high,Validated,,connection-rate-spike-to-a-service,baseline
OTD-0229,Source fan-in DDoS,perimeter,Perimeter-to-Endpoint,NET-05,,0,network-dos,T1498,,,L3.5/IT,,firewall/flow,,high,Validated,,source-fan-in-ddos,signature
OTD-0230,ICMP flood,perimeter,Perimeter-to-Endpoint,NET-06,,0,network-dos,T1498,,,L3.5/IT,,flow,,medium,Validated,,icmp-flood,baseline
OTD-0231,Perimeter deny surge,perimeter,Perimeter-to-Endpoint,NET-07,,0,network-dos,T1595,,,L3.5/IT,,firewall,,medium,Validated,,perimeter-deny-surge,baseline
OTD-0232,Resource exhaustion on public service,perimeter,Perimeter-to-Endpoint,NET-08,,0,network-dos,T1499,,,L3.5/IT,,WAF/LB/app,,high,Validated,,resource-exhaustion-on-public-service,baseline
OTD-0233,DNS tunnelling,perimeter,Perimeter-to-Endpoint,OUT-01,,0,outliers,T1071.004,,,L3.5/IT,,DNS,,high,Validated,,dns-tunnelling,baseline
OTD-0234,DGA activity,perimeter,Perimeter-to-Endpoint,OUT-02,,0,outliers,T1568.002,,,L3.5/IT,,DNS,,high,Validated,,dga-activity,baseline
OTD-0235,Rare/new external domain,perimeter,Perimeter-to-Endpoint,OUT-03,,0,outliers,T1071,,,L3.5/IT,,DNS/proxy,,medium,Validated,,rare-new-external-domain,baseline
OTD-0236,Beaconing C2,perimeter,Perimeter-to-Endpoint,OUT-04,,0,outliers,T1071,,,L3.5/IT,,flow/proxy,,high,Validated,,beaconing-c2,baseline
OTD-0237,Connection-count outlier,perimeter,Perimeter-to-Endpoint,OUT-05,,0,outliers,T1071,,,L3.5/IT,,flow,,medium,Validated,,connection-count-outlier,baseline
OTD-0238,Data-volume exfil outlier,perimeter,Perimeter-to-Endpoint,OUT-06,,0,outliers,T1041,,,L3.5/IT,,flow/proxy,,high,Validated,,data-volume-exfil-outlier,baseline
OTD-0239,Long-lived high-byte session,perimeter,Perimeter-to-Endpoint,OUT-07,,0,outliers,T1071,,,L3.5/IT,,flow,,medium,Validated,,long-lived-high-byte-session,baseline
OTD-0240,DoH/rare resolver,perimeter,Perimeter-to-Endpoint,OUT-08,,0,outliers,T1071.004,,,L3.5/IT,,flow/proxy,,medium,Validated,,doh-rare-resolver,signature
OTD-0241,Threat-intel IOC hit,perimeter,Perimeter-to-Endpoint,PRB-01,,0,prohibited,T1071,,,L3.5/IT,,flow/DNS+TI,,high,Validated,,threat-intel-ioc-hit,signature
OTD-0242,Tor usage,perimeter,Perimeter-to-Endpoint,PRB-02,,0,prohibited,T1090.003,,,L3.5/IT,,flow/proxy,,high,Validated,,tor-usage,signature
OTD-0243,Crypto-mining,perimeter,Perimeter-to-Endpoint,PRB-03,,0,prohibited,T1496,,,L3.5/IT,,flow/DNS/proxy,,high,Validated,,crypto-mining,signature
OTD-0244,P2P/torrent,perimeter,Perimeter-to-Endpoint,PRB-04,,0,prohibited,T1048,,,L3.5/IT,,flow/IDS,,medium,Validated,,p2p-torrent,signature
OTD-0245,Geo-prohibited destination,perimeter,Perimeter-to-Endpoint,PRB-05,,0,prohibited,T1071,,,L3.5/IT,,flow+geoIP,,medium,Validated,,geo-prohibited-destination,signature
OTD-0246,Unauthorized cloud storage,perimeter,Perimeter-to-Endpoint,PRB-06,,0,prohibited,T1567.002,,,L3.5/IT,,proxy/DNS,,medium,Validated,,unauthorized-cloud-storage,signature
OTD-0247,Prohibited cleartext protocol,perimeter,Perimeter-to-Endpoint,PRB-07,,0,prohibited,T1071,,,L3.5/IT,,flow,,medium,Validated,,prohibited-cleartext-protocol,signature
OTD-0248,Unauthorized remote-access tool,perimeter,Perimeter-to-Endpoint,PRB-08,,0,prohibited,T1219,,,L3.5/IT,,proxy/DNS/flow,,high,Validated,,unauthorized-remote-access-tool,signature
OTD-0249,Traffic to newly-registered domain,perimeter,Perimeter-to-Endpoint,PRB-09,,0,prohibited,T1071,,,L3.5/IT,,DNS+enrichment,,medium,Validated,,traffic-to-newly-registered-domain,baseline
OTD-0250,Outbound vertical scan,perimeter,Perimeter-to-Endpoint,SCN-02,,0,scanning-web,T1595.001,,,L3.5/IT,,firewall/flow,,medium,Validated,,outbound-vertical-scan,baseline
OTD-0251,High outbound deny rate,perimeter,Perimeter-to-Endpoint,SCN-03,,0,scanning-web,T1595,,,L3.5/IT,,firewall,,medium,Validated,,high-outbound-deny-rate,baseline
OTD-0252,Web login brute force,perimeter,Perimeter-to-Endpoint,WEB-01,,0,scanning-web,T1110,,,L3.5/IT,,WAF/IIS/app,,high,Validated,,web-login-brute-force,signature
OTD-0253,Directory/endpoint enumeration,perimeter,Perimeter-to-Endpoint,WEB-02,,0,scanning-web,T1595.003,,,L3.5/IT,,WAF/IIS,,medium,Validated,,directory-endpoint-enumeration,signature
OTD-0254,Injection patterns SQLi/XSS/cmd,perimeter,Perimeter-to-Endpoint,WEB-03,,0,scanning-web,T1190,,,L3.5/IT,,WAF/web,,high,Validated,,injection-patterns-sqli-xss-cmd,signature
OTD-0255,High 5xx error spike,perimeter,Perimeter-to-Endpoint,WEB-04,,0,scanning-web,T1190,,,L3.5/IT,,web/LB,,medium,Validated,,high-5xx-error-spike,baseline
OTD-0256,Suspicious user-agent/tool,perimeter,Perimeter-to-Endpoint,WEB-05,,0,scanning-web,T1595,,,L3.5/IT,,WAF/web,,medium,Validated,,suspicious-user-agent-tool,signature
OTD-0257,Web shell indicators,perimeter,Perimeter-to-Endpoint,WEB-06,,0,scanning-web,T1505.003,,,L3.5/IT,,web/EDR,,critical,Validated,,web-shell-indicators,signature
