OTD_ID,Title,Library_Name,Query_Origin,Sentinel_KQL_Path,Splunk_SPL_Path
OTD-0001,External remote services abuse into OT/DMZ,OT Threat Content,scaffold,02-detection/queries/sentinel/OTD-0001__external-remote-services-abuse-into-ot-dmz.kql,02-detection/queries/splunk/OTD-0001__external-remote-services-abuse-into-ot-dmz.spl
OTD-0002,Internet-accessible ICS device exposure,OT Threat Content,scaffold,02-detection/queries/sentinel/OTD-0002__internet-accessible-ics-device-exposure.kql,02-detection/queries/splunk/OTD-0002__internet-accessible-ics-device-exposure.spl
OTD-0003,Unauthorized Modbus write to coils/registers,OT Threat Content,compiled-from-sigma,02-detection/queries/sentinel/OTD-0003__unauthorized-modbus-write-to-coils-registers.kql,02-detection/queries/splunk/OTD-0003__unauthorized-modbus-write-to-coils-registers.spl
OTD-0004,Modbus FC08 diagnostic restart/listen-only,OT Threat Content,compiled-from-sigma,02-detection/queries/sentinel/OTD-0004__modbus-fc08-diagnostic-restart-listen-only.kql,02-detection/queries/splunk/OTD-0004__modbus-fc08-diagnostic-restart-listen-only.spl
OTD-0005,S7comm STOP CPU command,OT Threat Content,compiled-from-sigma,02-detection/queries/sentinel/OTD-0005__s7comm-stop-cpu-command.kql,02-detection/queries/splunk/OTD-0005__s7comm-stop-cpu-command.spl
OTD-0006,S7comm program/logic download to PLC,OT Threat Content,scaffold,02-detection/queries/sentinel/OTD-0006__s7comm-program-logic-download-to-plc.kql,02-detection/queries/splunk/OTD-0006__s7comm-program-logic-download-to-plc.spl
OTD-0007,DNP3 cold/warm restart function,OT Threat Content,compiled-from-sigma,02-detection/queries/sentinel/OTD-0007__dnp3-cold-warm-restart-function.kql,02-detection/queries/splunk/OTD-0007__dnp3-cold-warm-restart-function.spl
OTD-0008,DNP3 disable unsolicited responses,OT Threat Content,scaffold,02-detection/queries/sentinel/OTD-0008__dnp3-disable-unsolicited-responses.kql,02-detection/queries/splunk/OTD-0008__dnp3-disable-unsolicited-responses.spl
OTD-0009,IEC-104 unauthorized control from non-EWS,OT Threat Content,compiled-from-sigma,02-detection/queries/sentinel/OTD-0009__iec-104-unauthorized-control-from-non-ews.kql,02-detection/queries/splunk/OTD-0009__iec-104-unauthorized-control-from-non-ews.spl
OTD-0010,IEC 61850 GOOSE spoofing/manipulation,OT Threat Content,scaffold,02-detection/queries/sentinel/OTD-0010__iec-61850-goose-spoofing-manipulation.kql,02-detection/queries/splunk/OTD-0010__iec-61850-goose-spoofing-manipulation.spl
OTD-0011,OPC UA anonymous/unencrypted session,OT Threat Content,scaffold,02-detection/queries/sentinel/OTD-0011__opc-ua-anonymous-unencrypted-session.kql,02-detection/queries/splunk/OTD-0011__opc-ua-anonymous-unencrypted-session.spl
OTD-0012,EtherNet/IP CIP firmware update to controller,OT Threat Content,scaffold,02-detection/queries/sentinel/OTD-0012__ethernet-ip-cip-firmware-update-to-controller.kql,02-detection/queries/splunk/OTD-0012__ethernet-ip-cip-firmware-update-to-controller.spl
OTD-0013,Active network scan of OT subnet,OT Threat Content,compiled-from-sigma,02-detection/queries/sentinel/OTD-0013__active-network-scan-of-ot-subnet.kql,02-detection/queries/splunk/OTD-0013__active-network-scan-of-ot-subnet.spl
OTD-0014,New/unauthorized node on OT segment,OT Threat Content,compiled-from-sigma,02-detection/queries/sentinel/OTD-0014__new-unauthorized-node-on-ot-segment.kql,02-detection/queries/splunk/OTD-0014__new-unauthorized-node-on-ot-segment.spl
OTD-0015,Rogue engineering workstation to PLC,OT Threat Content,scaffold,02-detection/queries/sentinel/OTD-0015__rogue-engineering-workstation-to-plc.kql,02-detection/queries/splunk/OTD-0015__rogue-engineering-workstation-to-plc.spl
OTD-0016,Alarm suppression/modify alarm settings,OT Threat Content,scaffold,02-detection/queries/sentinel/OTD-0016__alarm-suppression-modify-alarm-settings.kql,02-detection/queries/splunk/OTD-0016__alarm-suppression-modify-alarm-settings.spl
OTD-0017,SIS key switch in PROGRAM mode,OT Threat Content,scaffold,02-detection/queries/sentinel/OTD-0017__sis-key-switch-in-program-mode.kql,02-detection/queries/splunk/OTD-0017__sis-key-switch-in-program-mode.spl
OTD-0018,Malware transfer via SMB in OT,OT Threat Content,scaffold,02-detection/queries/sentinel/OTD-0018__malware-transfer-via-smb-in-ot.kql,02-detection/queries/splunk/OTD-0018__malware-transfer-via-smb-in-ot.spl
OTD-0019,Known-bad C2/malicious IP contact from OT,OT Threat Content,scaffold,02-detection/queries/sentinel/OTD-0019__known-bad-c2-malicious-ip-contact-from-ot.kql,02-detection/queries/splunk/OTD-0019__known-bad-c2-malicious-ip-contact-from-ot.spl
OTD-0020,Removable media introduced to OT asset,OT Threat Content,scaffold,02-detection/queries/sentinel/OTD-0020__removable-media-introduced-to-ot-asset.kql,02-detection/queries/splunk/OTD-0020__removable-media-introduced-to-ot-asset.spl
OTD-0021,Modbus enumeration and point/tag ID,OT Threat Content,scaffold,02-detection/queries/sentinel/OTD-0021__modbus-enumeration-and-point-tag-id.kql,02-detection/queries/splunk/OTD-0021__modbus-enumeration-and-point-tag-id.spl
OTD-0022,Brute force/repeated failed OT auth,OT Threat Content,scaffold,02-detection/queries/sentinel/OTD-0022__brute-force-repeated-failed-ot-auth.kql,02-detection/queries/splunk/OTD-0022__brute-force-repeated-failed-ot-auth.spl
OTD-0023,Denial-of-service flood against controller,OT Threat Content,scaffold,02-detection/queries/sentinel/OTD-0023__denial-of-service-flood-against-controller.kql,02-detection/queries/splunk/OTD-0023__denial-of-service-flood-against-controller.spl
OTD-0024,Historian/operational data exfiltration,OT Threat Content,scaffold,02-detection/queries/sentinel/OTD-0024__historian-operational-data-exfiltration.kql,02-detection/queries/splunk/OTD-0024__historian-operational-data-exfiltration.spl
OTD-0025,Time-sync (NTP) manipulation affecting SOE,OT Threat Content,scaffold,02-detection/queries/sentinel/OTD-0025__time-sync-ntp-manipulation-affecting-soe.kql,02-detection/queries/splunk/OTD-0025__time-sync-ntp-manipulation-affecting-soe.spl
OTD-0026,Unauthorized wireless/cellular modem access,OT Threat Content,scaffold,02-detection/queries/sentinel/OTD-0026__unauthorized-wireless-cellular-modem-access.kql,02-detection/queries/splunk/OTD-0026__unauthorized-wireless-cellular-modem-access.spl
OTD-0027,PLC operating mode change to Program/Remote,OT Threat Content,scaffold,02-detection/queries/sentinel/OTD-0027__plc-operating-mode-change-to-program-remote.kql,02-detection/queries/splunk/OTD-0027__plc-operating-mode-change-to-program-remote.spl
OTD-0028,Unsigned/downgrade firmware load,OT Threat Content,scaffold,02-detection/queries/sentinel/OTD-0028__unsigned-downgrade-firmware-load.kql,02-detection/queries/splunk/OTD-0028__unsigned-downgrade-firmware-load.spl
OTD-0029,Control-to-safety write/command,SIS Safety Detection,scaffold,02-detection/queries/sentinel/OTD-0029__control-to-safety-write-command.kql,02-detection/queries/splunk/OTD-0029__control-to-safety-write-command.spl
OTD-0030,New comms path into SIS zone,SIS Safety Detection,scaffold,02-detection/queries/sentinel/OTD-0030__new-comms-path-into-sis-zone.kql,02-detection/queries/splunk/OTD-0030__new-comms-path-into-sis-zone.spl
OTD-0031,Reversed data direction at boundary,SIS Safety Detection,scaffold,02-detection/queries/sentinel/OTD-0031__reversed-data-direction-at-boundary.kql,02-detection/queries/splunk/OTD-0031__reversed-data-direction-at-boundary.spl
OTD-0032,SIS traffic bypassing sanctioned gateway,SIS Safety Detection,scaffold,02-detection/queries/sentinel/OTD-0032__sis-traffic-bypassing-sanctioned-gateway.kql,02-detection/queries/splunk/OTD-0032__sis-traffic-bypassing-sanctioned-gateway.spl
OTD-0033,SIS program download,SIS Safety Detection,scaffold,02-detection/queries/sentinel/OTD-0033__sis-program-download.kql,02-detection/queries/splunk/OTD-0033__sis-program-download.spl
OTD-0034,SIS program upload,SIS Safety Detection,scaffold,02-detection/queries/sentinel/OTD-0034__sis-program-upload.kql,02-detection/queries/splunk/OTD-0034__sis-program-upload.spl
OTD-0035,Key-switch/mode to PROGRAM/REMOTE,SIS Safety Detection,scaffold,02-detection/queries/sentinel/OTD-0035__key-switch-mode-to-program-remote.kql,02-detection/queries/splunk/OTD-0035__key-switch-mode-to-program-remote.spl
OTD-0036,SIS logic differs from golden baseline,SIS Safety Detection,scaffold,02-detection/queries/sentinel/OTD-0036__sis-logic-differs-from-golden-baseline.kql,02-detection/queries/splunk/OTD-0036__sis-logic-differs-from-golden-baseline.spl
OTD-0037,SIS firmware change,SIS Safety Detection,scaffold,02-detection/queries/sentinel/OTD-0037__sis-firmware-change.kql,02-detection/queries/splunk/OTD-0037__sis-firmware-change.spl
OTD-0038,SIS engineering off-window/new host,SIS Safety Detection,scaffold,02-detection/queries/sentinel/OTD-0038__sis-engineering-off-window-new-host.kql,02-detection/queries/splunk/OTD-0038__sis-engineering-off-window-new-host.spl
OTD-0039,Safety PV trending toward trip,SIS Safety Detection,scaffold,02-detection/queries/sentinel/OTD-0039__safety-pv-trending-toward-trip.kql,02-detection/queries/splunk/OTD-0039__safety-pv-trending-toward-trip.spl
OTD-0040,Trip setpoint/safety parameter modification,SIS Safety Detection,scaffold,02-detection/queries/sentinel/OTD-0040__trip-setpoint-safety-parameter-modification.kql,02-detection/queries/splunk/OTD-0040__trip-setpoint-safety-parameter-modification.spl
OTD-0041,Unexpected SIF trip/demand,SIS Safety Detection,scaffold,02-detection/queries/sentinel/OTD-0041__unexpected-sif-trip-demand.kql,02-detection/queries/splunk/OTD-0041__unexpected-sif-trip-demand.spl
OTD-0042,Expected trip absent/alarm suppression,SIS Safety Detection,scaffold,02-detection/queries/sentinel/OTD-0042__expected-trip-absent-alarm-suppression.kql,02-detection/queries/splunk/OTD-0042__expected-trip-absent-alarm-suppression.spl
OTD-0043,Final-element command-response mismatch,SIS Safety Detection,scaffold,02-detection/queries/sentinel/OTD-0043__final-element-command-response-mismatch.kql,02-detection/queries/splunk/OTD-0043__final-element-command-response-mismatch.spl
OTD-0044,De-energize-to-trip circuit anomaly,SIS Safety Detection,scaffold,02-detection/queries/sentinel/OTD-0044__de-energize-to-trip-circuit-anomaly.kql,02-detection/queries/splunk/OTD-0044__de-energize-to-trip-circuit-anomaly.spl
OTD-0045,Voting degradation,SIS Safety Detection,scaffold,02-detection/queries/sentinel/OTD-0045__voting-degradation.kql,02-detection/queries/splunk/OTD-0045__voting-degradation.spl
OTD-0046,Redundant safety-sensor disagreement,SIS Safety Detection,scaffold,02-detection/queries/sentinel/OTD-0046__redundant-safety-sensor-disagreement.kql,02-detection/queries/splunk/OTD-0046__redundant-safety-sensor-disagreement.spl
OTD-0047,Frozen/replayed safety input,SIS Safety Detection,scaffold,02-detection/queries/sentinel/OTD-0047__frozen-replayed-safety-input.kql,02-detection/queries/splunk/OTD-0047__frozen-replayed-safety-input.spl
OTD-0048,Loss of independence (shared/BPCS input),SIS Safety Detection,scaffold,02-detection/queries/sentinel/OTD-0048__loss-of-independence-shared-bpcs-input.kql,02-detection/queries/splunk/OTD-0048__loss-of-independence-shared-bpcs-input.spl
OTD-0049,Safety input bad-quality spike,SIS Safety Detection,scaffold,02-detection/queries/sentinel/OTD-0049__safety-input-bad-quality-spike.kql,02-detection/queries/splunk/OTD-0049__safety-input-bad-quality-spike.spl
OTD-0050,SIF bypass/inhibit activated,SIS Safety Detection,scaffold,02-detection/queries/sentinel/OTD-0050__sif-bypass-inhibit-activated.kql,02-detection/queries/splunk/OTD-0050__sif-bypass-inhibit-activated.spl
OTD-0051,Long-duration/overdue bypass,SIS Safety Detection,scaffold,02-detection/queries/sentinel/OTD-0051__long-duration-overdue-bypass.kql,02-detection/queries/splunk/OTD-0051__long-duration-overdue-bypass.spl
OTD-0052,Bypass from unexpected source/off-window,SIS Safety Detection,scaffold,02-detection/queries/sentinel/OTD-0052__bypass-from-unexpected-source-off-window.kql,02-detection/queries/splunk/OTD-0052__bypass-from-unexpected-source-off-window.spl
OTD-0053,Forced I/O on safety controller,SIS Safety Detection,scaffold,02-detection/queries/sentinel/OTD-0053__forced-i-o-on-safety-controller.kql,02-detection/queries/splunk/OTD-0053__forced-i-o-on-safety-controller.spl
OTD-0054,Multiple simultaneous bypasses,SIS Safety Detection,scaffold,02-detection/queries/sentinel/OTD-0054__multiple-simultaneous-bypasses.kql,02-detection/queries/splunk/OTD-0054__multiple-simultaneous-bypasses.spl
OTD-0055,SIS-BPCS comm loss (loss of view),SIS Safety Detection,scaffold,02-detection/queries/sentinel/OTD-0055__sis-bpcs-comm-loss-loss-of-view.kql,02-detection/queries/splunk/OTD-0055__sis-bpcs-comm-loss-loss-of-view.spl
OTD-0056,SIS diagnostic fault/degraded module,SIS Safety Detection,scaffold,02-detection/queries/sentinel/OTD-0056__sis-diagnostic-fault-degraded-module.kql,02-detection/queries/splunk/OTD-0056__sis-diagnostic-fault-degraded-module.spl
OTD-0057,Spurious trip-rate anomaly,SIS Safety Detection,scaffold,02-detection/queries/sentinel/OTD-0057__spurious-trip-rate-anomaly.kql,02-detection/queries/splunk/OTD-0057__spurious-trip-rate-anomaly.spl
OTD-0058,SIS controller restart/power event,SIS Safety Detection,scaffold,02-detection/queries/sentinel/OTD-0058__sis-controller-restart-power-event.kql,02-detection/queries/splunk/OTD-0058__sis-controller-restart-power-event.spl
OTD-0059,SIS time/clock skew,SIS Safety Detection,scaffold,02-detection/queries/sentinel/OTD-0059__sis-time-clock-skew.kql,02-detection/queries/splunk/OTD-0059__sis-time-clock-skew.spl
OTD-0060,Modbus Exception Response Flood (Possible Scanning or Fuzzing),Sigma: OT/ICS SOC,compiled-from-sigma,02-detection/queries/sentinel/OTD-0060__modbus-exception-response-flood-possible-scanning-or-fuzzing.kql,02-detection/queries/splunk/OTD-0060__modbus-exception-response-flood-possible-scanning-or-fuzzing.spl
OTD-0061,Modbus Write to Coil/Register Outside Approved Change Window,Sigma: OT/ICS SOC,compiled-from-sigma,02-detection/queries/sentinel/OTD-0061__modbus-write-to-coil-register-outside-approved-change-window.kql,02-detection/queries/splunk/OTD-0061__modbus-write-to-coil-register-outside-approved-change-window.spl
OTD-0062,DNP3 Direct Operate Without Preceding Select (Bypass of Select-Before-Operate),Sigma: OT/ICS SOC,compiled-from-sigma,02-detection/queries/sentinel/OTD-0062__dnp3-direct-operate-without-preceding-select-bypass-of-selec.kql,02-detection/queries/splunk/OTD-0062__dnp3-direct-operate-without-preceding-select-bypass-of-selec.spl
OTD-0063,DNP3 CROB Control Command Outside Maintenance Window,Sigma: OT/ICS SOC,compiled-from-sigma,02-detection/queries/sentinel/OTD-0063__dnp3-crob-control-command-outside-maintenance-window.kql,02-detection/queries/splunk/OTD-0063__dnp3-crob-control-command-outside-maintenance-window.spl
OTD-0064,OPC UA Untrusted or Self-Signed Certificate Accepted,Sigma: OT/ICS SOC,compiled-from-sigma,02-detection/queries/sentinel/OTD-0064__opc-ua-untrusted-or-self-signed-certificate-accepted.kql,02-detection/queries/splunk/OTD-0064__opc-ua-untrusted-or-self-signed-certificate-accepted.spl
OTD-0065,OPC UA Write Request to Critical Node from Unauthorized Client,Sigma: OT/ICS SOC,compiled-from-sigma,02-detection/queries/sentinel/OTD-0065__opc-ua-write-request-to-critical-node-from-unauthorized-clie.kql,02-detection/queries/splunk/OTD-0065__opc-ua-write-request-to-critical-node-from-unauthorized-clie.spl
OTD-0066,OPC UA Address Space Browse Flood (Reconnaissance),Sigma: OT/ICS SOC,compiled-from-sigma,02-detection/queries/sentinel/OTD-0066__opc-ua-address-space-browse-flood-reconnaissance.kql,02-detection/queries/splunk/OTD-0066__opc-ua-address-space-browse-flood-reconnaissance.spl
OTD-0067,S7comm Program Block Download/Upload Outside Change Window,Sigma: OT/ICS SOC,compiled-from-sigma,02-detection/queries/sentinel/OTD-0067__s7comm-program-block-download-upload-outside-change-window.kql,02-detection/queries/splunk/OTD-0067__s7comm-program-block-download-upload-outside-change-window.spl
OTD-0068,S7comm System Status List (SZL) Enumeration,Sigma: OT/ICS SOC,compiled-from-sigma,02-detection/queries/sentinel/OTD-0068__s7comm-system-status-list-szl-enumeration.kql,02-detection/queries/splunk/OTD-0068__s7comm-system-status-list-szl-enumeration.spl
OTD-0069,IEC 60870-5-104 General Interrogation from Unauthorized Master,Sigma: OT/ICS SOC,compiled-from-sigma,02-detection/queries/sentinel/OTD-0069__iec-60870-5-104-general-interrogation-from-unauthorized-mast.kql,02-detection/queries/splunk/OTD-0069__iec-60870-5-104-general-interrogation-from-unauthorized-mast.spl
OTD-0070,IEC 60870-5-104 Single or Double Command Outside Maintenance Window,Sigma: OT/ICS SOC,compiled-from-sigma,02-detection/queries/sentinel/OTD-0070__iec-60870-5-104-single-or-double-command-outside-maintenance.kql,02-detection/queries/splunk/OTD-0070__iec-60870-5-104-single-or-double-command-outside-maintenance.spl
OTD-0071,IEC 60870-5-104 Clock Synchronization Command Anomaly,Sigma: OT/ICS SOC,compiled-from-sigma,02-detection/queries/sentinel/OTD-0071__iec-60870-5-104-clock-synchronization-command-anomaly.kql,02-detection/queries/splunk/OTD-0071__iec-60870-5-104-clock-synchronization-command-anomaly.spl
OTD-0072,Engineering Workstation Communicating with Multiple PLCs Across Zones,Sigma: OT/ICS SOC,compiled-from-sigma,02-detection/queries/sentinel/OTD-0072__engineering-workstation-communicating-with-multiple-plcs-acr.kql,02-detection/queries/splunk/OTD-0072__engineering-workstation-communicating-with-multiple-plcs-acr.spl
OTD-0073,New or Unauthorized Asset Communicating on OT Engineering Protocol Port,Sigma: OT/ICS SOC,compiled-from-sigma,02-detection/queries/sentinel/OTD-0073__new-or-unauthorized-asset-communicating-on-ot-engineering-pr.kql,02-detection/queries/splunk/OTD-0073__new-or-unauthorized-asset-communicating-on-ot-engineering-pr.spl
OTD-0074,DNP3 Cold or Warm Restart Function to Outstation,Sigma: Core Protocol,compiled-from-sigma,02-detection/queries/sentinel/OTD-0074__dnp3-cold-or-warm-restart-function-to-outstation.kql,02-detection/queries/splunk/OTD-0074__dnp3-cold-or-warm-restart-function-to-outstation.spl
OTD-0075,IEC 60870-5-104 Control Command from Unauthorized Source,Sigma: Core Protocol,compiled-from-sigma,02-detection/queries/sentinel/OTD-0075__iec-60870-5-104-control-command-from-unauthorized-source.kql,02-detection/queries/splunk/OTD-0075__iec-60870-5-104-control-command-from-unauthorized-source.spl
OTD-0076,Modbus FC08 Diagnostic Restart or Force Listen-Only Mode,Sigma: Core Protocol,compiled-from-sigma,02-detection/queries/sentinel/OTD-0076__modbus-fc08-diagnostic-restart-or-force-listen-only-mode.kql,02-detection/queries/splunk/OTD-0076__modbus-fc08-diagnostic-restart-or-force-listen-only-mode.spl
OTD-0077,Unauthorized Modbus Write to Coils or Registers,Sigma: Core Protocol,compiled-from-sigma,02-detection/queries/sentinel/OTD-0077__unauthorized-modbus-write-to-coils-or-registers.kql,02-detection/queries/splunk/OTD-0077__unauthorized-modbus-write-to-coils-or-registers.spl
OTD-0078,Active Network Scan of OT Subnet,Sigma: Core Protocol,compiled-from-sigma,02-detection/queries/sentinel/OTD-0078__active-network-scan-of-ot-subnet.kql,02-detection/queries/splunk/OTD-0078__active-network-scan-of-ot-subnet.spl
OTD-0079,S7comm STOP CPU Command to PLC,Sigma: Core Protocol,compiled-from-sigma,02-detection/queries/sentinel/OTD-0079__s7comm-stop-cpu-command-to-plc.kql,02-detection/queries/splunk/OTD-0079__s7comm-stop-cpu-command-to-plc.spl
OTD-0080,Direct IT-to-OT-DMZ Connection Bypassing Jump Host,Sigma: IT/DMZ/OT Cross-Zone,compiled-from-sigma,02-detection/queries/sentinel/OTD-0080__direct-it-to-ot-dmz-connection-bypassing-jump-host.kql,02-detection/queries/splunk/OTD-0080__direct-it-to-ot-dmz-connection-bypassing-jump-host.spl
OTD-0081,Unauthorized Lateral-Movement Protocol Entering OT DMZ,Sigma: IT/DMZ/OT Cross-Zone,compiled-from-sigma,02-detection/queries/sentinel/OTD-0081__unauthorized-lateral-movement-protocol-entering-ot-dmz.kql,02-detection/queries/splunk/OTD-0081__unauthorized-lateral-movement-protocol-entering-ot-dmz.spl
OTD-0082,OT DMZ Historian Replication Direction Anomaly,Sigma: IT/DMZ/OT Cross-Zone,compiled-from-sigma,02-detection/queries/sentinel/OTD-0082__ot-dmz-historian-replication-direction-anomaly.kql,02-detection/queries/splunk/OTD-0082__ot-dmz-historian-replication-direction-anomaly.spl
OTD-0083,AV/Patch Management Push to DMZ Outside Maintenance Window or Scope,Sigma: IT/DMZ/OT Cross-Zone,compiled-from-sigma,02-detection/queries/sentinel/OTD-0083__av-patch-management-push-to-dmz-outside-maintenance-window-o.kql,02-detection/queries/splunk/OTD-0083__av-patch-management-push-to-dmz-outside-maintenance-window-o.spl
OTD-0084,OT DMZ Asset External DNS or NTP Resolution Attempt,Sigma: IT/DMZ/OT Cross-Zone,compiled-from-sigma,02-detection/queries/sentinel/OTD-0084__ot-dmz-asset-external-dns-or-ntp-resolution-attempt.kql,02-detection/queries/splunk/OTD-0084__ot-dmz-asset-external-dns-or-ntp-resolution-attempt.spl
OTD-0085,Web or Email Content Landing on OT DMZ Jump Host,Sigma: IT/DMZ/OT Cross-Zone,compiled-from-sigma,02-detection/queries/sentinel/OTD-0085__web-or-email-content-landing-on-ot-dmz-jump-host.kql,02-detection/queries/splunk/OTD-0085__web-or-email-content-landing-on-ot-dmz-jump-host.spl
OTD-0086,Remote Access Session into L3 Without Approved Change Window,Sigma: IT/DMZ/OT Cross-Zone,compiled-from-sigma,02-detection/queries/sentinel/OTD-0086__remote-access-session-into-l3-without-approved-change-window.kql,02-detection/queries/splunk/OTD-0086__remote-access-session-into-l3-without-approved-change-window.spl
OTD-0087,Shared or Service Account Used From Unusual DMZ Source,Sigma: IT/DMZ/OT Cross-Zone,compiled-from-sigma,02-detection/queries/sentinel/OTD-0087__shared-or-service-account-used-from-unusual-dmz-source.kql,02-detection/queries/splunk/OTD-0087__shared-or-service-account-used-from-unusual-dmz-source.spl
OTD-0088,File Transfer From DMZ to L3 With Executable or Engineering Project Extension,Sigma: IT/DMZ/OT Cross-Zone,compiled-from-sigma,02-detection/queries/sentinel/OTD-0088__file-transfer-from-dmz-to-l3-with-executable-or-engineering.kql,02-detection/queries/splunk/OTD-0088__file-transfer-from-dmz-to-l3-with-executable-or-engineering.spl
OTD-0089,Vendor Remote Access Session Duration or Scope Anomaly,Sigma: IT/DMZ/OT Cross-Zone,compiled-from-sigma,02-detection/queries/sentinel/OTD-0089__vendor-remote-access-session-duration-or-scope-anomaly.kql,02-detection/queries/splunk/OTD-0089__vendor-remote-access-session-duration-or-scope-anomaly.spl
OTD-0090,Unscheduled HMI Project or Configuration Deployment,Sigma: IT/DMZ/OT Cross-Zone,compiled-from-sigma,02-detection/queries/sentinel/OTD-0090__unscheduled-hmi-project-or-configuration-deployment.kql,02-detection/queries/splunk/OTD-0090__unscheduled-hmi-project-or-configuration-deployment.spl
OTD-0091,New or Modified Scheduled Task on HMI or SCADA Server,Sigma: IT/DMZ/OT Cross-Zone,compiled-from-sigma,02-detection/queries/sentinel/OTD-0091__new-or-modified-scheduled-task-on-hmi-or-scada-server.kql,02-detection/queries/splunk/OTD-0091__new-or-modified-scheduled-task-on-hmi-or-scada-server.spl
OTD-0092,Engineering Software Launched by Non-Engineering Account,Sigma: IT/DMZ/OT Cross-Zone,compiled-from-sigma,02-detection/queries/sentinel/OTD-0092__engineering-software-launched-by-non-engineering-account.kql,02-detection/queries/splunk/OTD-0092__engineering-software-launched-by-non-engineering-account.spl
OTD-0093,Abnormal Authentication Pattern on SCADA or HMI Server,Sigma: IT/DMZ/OT Cross-Zone,compiled-from-sigma,02-detection/queries/sentinel/OTD-0093__abnormal-authentication-pattern-on-scada-or-hmi-server.kql,02-detection/queries/splunk/OTD-0093__abnormal-authentication-pattern-on-scada-or-hmi-server.spl
OTD-0094,Unexpected Outbound Connection from L2 HMI Toward DMZ or IT,Sigma: IT/DMZ/OT Cross-Zone,compiled-from-sigma,02-detection/queries/sentinel/OTD-0094__unexpected-outbound-connection-from-l2-hmi-toward-dmz-or-it.kql,02-detection/queries/splunk/OTD-0094__unexpected-outbound-connection-from-l2-hmi-toward-dmz-or-it.spl
OTD-0095,Control Command From HMI Outside Documented HMI-to-PLC Pairing,Sigma: IT/DMZ/OT Cross-Zone,compiled-from-sigma,02-detection/queries/sentinel/OTD-0095__control-command-from-hmi-outside-documented-hmi-to-plc-pairi.kql,02-detection/queries/splunk/OTD-0095__control-command-from-hmi-outside-documented-hmi-to-plc-pairi.spl
OTD-0096,Engineering Protocol Session Opened by HMI Account,Sigma: IT/DMZ/OT Cross-Zone,compiled-from-sigma,02-detection/queries/sentinel/OTD-0096__engineering-protocol-session-opened-by-hmi-account.kql,02-detection/queries/splunk/OTD-0096__engineering-protocol-session-opened-by-hmi-account.spl
OTD-0097,Setpoint Change Exceeding Safe Delta Threshold,Sigma: IT/DMZ/OT Cross-Zone,compiled-from-sigma,02-detection/queries/sentinel/OTD-0097__setpoint-change-exceeding-safe-delta-threshold.kql,02-detection/queries/splunk/OTD-0097__setpoint-change-exceeding-safe-delta-threshold.spl
OTD-0098,Redundant Sensor Correlation Divergence,Sigma: IT/DMZ/OT Cross-Zone,compiled-from-sigma,02-detection/queries/sentinel/OTD-0098__redundant-sensor-correlation-divergence.kql,02-detection/queries/splunk/OTD-0098__redundant-sensor-correlation-divergence.spl
OTD-0099,Zone Enforcement Firewall Rule Hit-Count Anomaly,Sigma: IT/DMZ/OT Cross-Zone,compiled-from-sigma,02-detection/queries/sentinel/OTD-0099__zone-enforcement-firewall-rule-hit-count-anomaly.kql,02-detection/queries/splunk/OTD-0099__zone-enforcement-firewall-rule-hit-count-anomaly.spl
OTD-0100,Removable Media Event on DMZ or L3 Asset,Sigma: IT/DMZ/OT Cross-Zone,compiled-from-sigma,02-detection/queries/sentinel/OTD-0100__removable-media-event-on-dmz-or-l3-asset.kql,02-detection/queries/splunk/OTD-0100__removable-media-event-on-dmz-or-l3-asset.spl
OTD-0101,East-West Traffic Between L1 Controllers Across Process Cells,Sigma: IT/DMZ/OT Cross-Zone,compiled-from-sigma,02-detection/queries/sentinel/OTD-0101__east-west-traffic-between-l1-controllers-across-process-cell.kql,02-detection/queries/splunk/OTD-0101__east-west-traffic-between-l1-controllers-across-process-cell.spl
OTD-0102,NTP or Time Desynchronization Anomaly Across IT-OT Path,Sigma: IT/DMZ/OT Cross-Zone,compiled-from-sigma,02-detection/queries/sentinel/OTD-0102__ntp-or-time-desynchronization-anomaly-across-it-ot-path.kql,02-detection/queries/splunk/OTD-0102__ntp-or-time-desynchronization-anomaly-across-it-ot-path.spl
OTD-0103,IEC 104 Mass Coordinated Breaker-Open Command Burst,Sigma: Threat Actor,compiled-from-sigma,02-detection/queries/sentinel/OTD-0103__iec-104-mass-coordinated-breaker-open-command-burst.kql,02-detection/queries/splunk/OTD-0103__iec-104-mass-coordinated-breaker-open-command-burst.spl
OTD-0104,Modbus Holding Register Manipulation at Abnormal Cadence,Sigma: Threat Actor,compiled-from-sigma,02-detection/queries/sentinel/OTD-0104__modbus-holding-register-manipulation-at-abnormal-cadence.kql,02-detection/queries/splunk/OTD-0104__modbus-holding-register-manipulation-at-abnormal-cadence.spl
OTD-0105,Mass Disk-Wiping Utility Execution Across Multiple Hosts,Sigma: Threat Actor,compiled-from-sigma,02-detection/queries/sentinel/OTD-0105__mass-disk-wiping-utility-execution-across-multiple-hosts.kql,02-detection/queries/splunk/OTD-0105__mass-disk-wiping-utility-execution-across-multiple-hosts.spl
OTD-0106,IEC 61850 GOOSE Unauthorized Publisher or Spoofed Message,Sigma: Threat Actor,compiled-from-sigma,02-detection/queries/sentinel/OTD-0106__iec-61850-goose-unauthorized-publisher-or-spoofed-message.kql,02-detection/queries/splunk/OTD-0106__iec-61850-goose-unauthorized-publisher-or-spoofed-message.spl
OTD-0107,Mass Lateral Deployment Tooling Preceding Suspected Wiper Activity,Sigma: Threat Actor,compiled-from-sigma,02-detection/queries/sentinel/OTD-0107__mass-lateral-deployment-tooling-preceding-suspected-wiper-ac.kql,02-detection/queries/splunk/OTD-0107__mass-lateral-deployment-tooling-preceding-suspected-wiper-ac.spl
OTD-0108,DNS Tunneling Beacon From OT DMZ or Engineering Host,Sigma: Threat Actor,compiled-from-sigma,02-detection/queries/sentinel/OTD-0108__dns-tunneling-beacon-from-ot-dmz-or-engineering-host.kql,02-detection/queries/splunk/OTD-0108__dns-tunneling-beacon-from-ot-dmz-or-engineering-host.spl
OTD-0109,Web Shell Activity on Internet-Facing OT-Adjacent Server,Sigma: Threat Actor,compiled-from-sigma,02-detection/queries/sentinel/OTD-0109__web-shell-activity-on-internet-facing-ot-adjacent-server.kql,02-detection/queries/splunk/OTD-0109__web-shell-activity-on-internet-facing-ot-adjacent-server.spl
OTD-0110,Credential Harvesting Tool Execution on Engineering or SCADA Host,Sigma: Threat Actor,compiled-from-sigma,02-detection/queries/sentinel/OTD-0110__credential-harvesting-tool-execution-on-engineering-or-scada.kql,02-detection/queries/splunk/OTD-0110__credential-harvesting-tool-execution-on-engineering-or-scada.spl
OTD-0111,Low-and-Slow HTTPS Beaconing Indicative of OilRig-Class Backdoor C2,Sigma: Threat Actor,compiled-from-sigma,02-detection/queries/sentinel/OTD-0111__low-and-slow-https-beaconing-indicative-of-oilrig-class-back.kql,02-detection/queries/splunk/OTD-0111__low-and-slow-https-beaconing-indicative-of-oilrig-class-back.spl
OTD-0112,Shamoon-Style MBR Wiper Execution,Sigma: Threat Actor,compiled-from-sigma,02-detection/queries/sentinel/OTD-0112__shamoon-style-mbr-wiper-execution.kql,02-detection/queries/splunk/OTD-0112__shamoon-style-mbr-wiper-execution.spl
OTD-0113,Password Spray Against OT Remote Access Portal,Sigma: Threat Actor,compiled-from-sigma,02-detection/queries/sentinel/OTD-0113__password-spray-against-ot-remote-access-portal.kql,02-detection/queries/splunk/OTD-0113__password-spray-against-ot-remote-access-portal.spl
OTD-0114,Mass Malware Spreader Tool Execution Across Multiple Hosts,Sigma: Threat Actor,compiled-from-sigma,02-detection/queries/sentinel/OTD-0114__mass-malware-spreader-tool-execution-across-multiple-hosts.kql,02-detection/queries/splunk/OTD-0114__mass-malware-spreader-tool-execution-across-multiple-hosts.spl
OTD-0115,OPC UA Server Enumeration Followed by Node Value Tampering,Sigma: Threat Actor,compiled-from-sigma,02-detection/queries/sentinel/OTD-0115__opc-ua-server-enumeration-followed-by-node-value-tampering.kql,02-detection/queries/splunk/OTD-0115__opc-ua-server-enumeration-followed-by-node-value-tampering.spl
OTD-0116,CODESYS Protocol Command to Schneider Controller From Non-Engineering Host,Sigma: Threat Actor,compiled-from-sigma,02-detection/queries/sentinel/OTD-0116__codesys-protocol-command-to-schneider-controller-from-non-en.kql,02-detection/queries/splunk/OTD-0116__codesys-protocol-command-to-schneider-controller-from-non-en.spl
OTD-0117,OMRON FINS/HTTP Backdoor Command Execution,Sigma: Threat Actor,compiled-from-sigma,02-detection/queries/sentinel/OTD-0117__omron-fins-http-backdoor-command-execution.kql,02-detection/queries/splunk/OTD-0117__omron-fins-http-backdoor-command-execution.spl
OTD-0118,ASRock RGB Driver Exploitation Attempt (CVE-2020-15368),Sigma: Threat Actor,compiled-from-sigma,02-detection/queries/sentinel/OTD-0118__asrock-rgb-driver-exploitation-attempt-cve-2020-15368.kql,02-detection/queries/splunk/OTD-0118__asrock-rgb-driver-exploitation-attempt-cve-2020-15368.spl
OTD-0119,Triconex Safety Controller Engineering Session From Unauthorized Host,Sigma: Threat Actor,compiled-from-sigma,02-detection/queries/sentinel/OTD-0119__triconex-safety-controller-engineering-session-from-unauthor.kql,02-detection/queries/splunk/OTD-0119__triconex-safety-controller-engineering-session-from-unauthor.spl
OTD-0120,Safety Controller Key-Switch or Mode Change Outside Proof-Test Window,Sigma: Threat Actor,compiled-from-sigma,02-detection/queries/sentinel/OTD-0120__safety-controller-key-switch-or-mode-change-outside-proof-te.kql,02-detection/queries/splunk/OTD-0120__safety-controller-key-switch-or-mode-change-outside-proof-te.spl
OTD-0121,Engineering Workstation Reflective/Memory-Only Process Injection,Sigma: Threat Actor,compiled-from-sigma,02-detection/queries/sentinel/OTD-0121__engineering-workstation-reflective-memory-only-process-injec.kql,02-detection/queries/splunk/OTD-0121__engineering-workstation-reflective-memory-only-process-injec.spl
OTD-0122,Mass File Encryption or Rename Activity on OT Historian or Engineering Host,Sigma: Threat Actor,compiled-from-sigma,02-detection/queries/sentinel/OTD-0122__mass-file-encryption-or-rename-activity-on-ot-historian-or-e.kql,02-detection/queries/splunk/OTD-0122__mass-file-encryption-or-rename-activity-on-ot-historian-or-e.spl
OTD-0123,Unitronics Vision PLC Default Port Access (BAUXITE Pattern),Sigma: CTI Advisory,compiled-from-sigma,02-detection/queries/sentinel/OTD-0123__unitronics-vision-plc-default-port-access-bauxite-pattern.kql,02-detection/queries/splunk/OTD-0123__unitronics-vision-plc-default-port-access-bauxite-pattern.spl
OTD-0124,HMI Display Screen Defacement or Unauthorized Image/Text Overwrite,Sigma: CTI Advisory,compiled-from-sigma,02-detection/queries/sentinel/OTD-0124__hmi-display-screen-defacement-or-unauthorized-image-text-ove.kql,02-detection/queries/splunk/OTD-0124__hmi-display-screen-defacement-or-unauthorized-image-text-ove.spl
OTD-0125,Post-Unitronics-Compromise Lateral Movement via SMB/RDP From PLC Network Segment,Sigma: CTI Advisory,compiled-from-sigma,02-detection/queries/sentinel/OTD-0125__post-unitronics-compromise-lateral-movement-via-smb-rdp-from.kql,02-detection/queries/splunk/OTD-0125__post-unitronics-compromise-lateral-movement-via-smb-rdp-from.spl
OTD-0126,Remote Management Tool Installation on OT-Adjacent Host (MuddyWater Pattern),Sigma: CTI Advisory,compiled-from-sigma,02-detection/queries/sentinel/OTD-0126__remote-management-tool-installation-on-ot-adjacent-host-mudd.kql,02-detection/queries/splunk/OTD-0126__remote-management-tool-installation-on-ot-adjacent-host-mudd.spl
OTD-0127,Bulk Exfiltration of OT Documentation and Network Diagrams (Moses Staff Pattern),Sigma: CTI Advisory,compiled-from-sigma,02-detection/queries/sentinel/OTD-0127__bulk-exfiltration-of-ot-documentation-and-network-diagrams-m.kql,02-detection/queries/splunk/OTD-0127__bulk-exfiltration-of-ot-documentation-and-network-diagrams-m.spl
OTD-0128,Ransomware Precursor — Lateral Movement Targeting Historian or SCADA Hostnames,Sigma: CTI Advisory,compiled-from-sigma,02-detection/queries/sentinel/OTD-0128__ransomware-precursor-lateral-movement-targeting-historian-or.kql,02-detection/queries/splunk/OTD-0128__ransomware-precursor-lateral-movement-targeting-historian-or.spl
OTD-0129,Mass File Transfer Appliance Exploitation Preceding OT Document Theft (Cl0p Pattern),Sigma: CTI Advisory,compiled-from-sigma,02-detection/queries/sentinel/OTD-0129__mass-file-transfer-appliance-exploitation-preceding-ot-docum.kql,02-detection/queries/splunk/OTD-0129__mass-file-transfer-appliance-exploitation-preceding-ot-docum.spl
OTD-0130,Sensor Gateway Mass Filesystem Wipe or RS485/MBus Disruption (Fuxnet Pattern),Sigma: CTI Advisory,compiled-from-sigma,02-detection/queries/sentinel/OTD-0130__sensor-gateway-mass-filesystem-wipe-or-rs485-mbus-disruption.kql,02-detection/queries/splunk/OTD-0130__sensor-gateway-mass-filesystem-wipe-or-rs485-mbus-disruption.spl
OTD-0131,Coordinated Multi-Site SCADA Command Triggering Mass Manual-Fallback (Predatory Sparrow-Class Pattern),Sigma: CTI Advisory,compiled-from-sigma,02-detection/queries/sentinel/OTD-0131__coordinated-multi-site-scada-command-triggering-mass-manual.kql,02-detection/queries/splunk/OTD-0131__coordinated-multi-site-scada-command-triggering-mass-manual.spl
OTD-0132,Password Spray Against Cloud Identity Tenant Serving OT-Adjacent Accounts,Sigma: CTI Advisory,compiled-from-sigma,02-detection/queries/sentinel/OTD-0132__password-spray-against-cloud-identity-tenant-serving-ot-adja.kql,02-detection/queries/splunk/OTD-0132__password-spray-against-cloud-identity-tenant-serving-ot-adja.spl
OTD-0133,Security Event Log Cleared on OT Network System,Sigma: CTI Advisory,compiled-from-sigma,02-detection/queries/sentinel/OTD-0133__security-event-log-cleared-on-ot-network-system.kql,02-detection/queries/splunk/OTD-0133__security-event-log-cleared-on-ot-network-system.spl
OTD-0134,PLC Configuration Drift From Verified Offline Backup,Sigma: CTI Advisory,compiled-from-sigma,02-detection/queries/sentinel/OTD-0134__plc-configuration-drift-from-verified-offline-backup.kql,02-detection/queries/splunk/OTD-0134__plc-configuration-drift-from-verified-offline-backup.spl
OTD-0135,Historian Query Pattern Anomaly From IT-Network Host,Sigma: CTI Advisory,compiled-from-sigma,02-detection/queries/sentinel/OTD-0135__historian-query-pattern-anomaly-from-it-network-host.kql,02-detection/queries/splunk/OTD-0135__historian-query-pattern-anomaly-from-it-network-host.spl
OTD-0136,Engineering Workstation Outbound Connection to Infrastructure Outside Approved List,Sigma: CTI Advisory,compiled-from-sigma,02-detection/queries/sentinel/OTD-0136__engineering-workstation-outbound-connection-to-infrastructur.kql,02-detection/queries/splunk/OTD-0136__engineering-workstation-outbound-connection-to-infrastructur.spl
OTD-0137,Vendor VPN Authentication Outside Approved Window or Geography,Sigma: CTI Advisory,compiled-from-sigma,02-detection/queries/sentinel/OTD-0137__vendor-vpn-authentication-outside-approved-window-or-geograp.kql,02-detection/queries/splunk/OTD-0137__vendor-vpn-authentication-outside-approved-window-or-geograp.spl
OTD-0138,Dormant Vendor Account First-Use After Extended Inactivity,Sigma: CTI Advisory,compiled-from-sigma,02-detection/queries/sentinel/OTD-0138__dormant-vendor-account-first-use-after-extended-inactivity.kql,02-detection/queries/splunk/OTD-0138__dormant-vendor-account-first-use-after-extended-inactivity.spl
OTD-0139,Unauthenticated Modbus/DNP3 Traffic Through Legacy Serial-to-Ethernet Gateway,Sigma: CTI Advisory,compiled-from-sigma,02-detection/queries/sentinel/OTD-0139__unauthenticated-modbus-dnp3-traffic-through-legacy-serial-to.kql,02-detection/queries/splunk/OTD-0139__unauthenticated-modbus-dnp3-traffic-through-legacy-serial-to.spl
OTD-0140,Unauthorized Association to Industrial Wireless Network (WirelessHART/ISA100/OT Wi-Fi),Sigma: CTI Advisory,compiled-from-sigma,02-detection/queries/sentinel/OTD-0140__unauthorized-association-to-industrial-wireless-network-wire.kql,02-detection/queries/splunk/OTD-0140__unauthorized-association-to-industrial-wireless-network-wire.spl
OTD-0141,OT Cloud Agent Unexpected Outbound Data Pathway,Sigma: CTI Advisory,compiled-from-sigma,02-detection/queries/sentinel/OTD-0141__ot-cloud-agent-unexpected-outbound-data-pathway.kql,02-detection/queries/splunk/OTD-0141__ot-cloud-agent-unexpected-outbound-data-pathway.spl
OTD-0142,Spearphishing Lure Execution by OT Engineering Personnel,Sigma: CTI Advisory,compiled-from-sigma,02-detection/queries/sentinel/OTD-0142__spearphishing-lure-execution-by-ot-engineering-personnel.kql,02-detection/queries/splunk/OTD-0142__spearphishing-lure-execution-by-ot-engineering-personnel.spl
OTD-0143,Command ASDU from non-master,OT Protocol Defense (NDR),scaffold,02-detection/queries/sentinel/OTD-0143__command-asdu-from-non-master.kql,02-detection/queries/splunk/OTD-0143__command-asdu-from-non-master.spl
OTD-0144,Setpoint command,OT Protocol Defense (NDR),scaffold,02-detection/queries/sentinel/OTD-0144__setpoint-command.kql,02-detection/queries/splunk/OTD-0144__setpoint-command.spl
OTD-0145,Interrogation recon,OT Protocol Defense (NDR),scaffold,02-detection/queries/sentinel/OTD-0145__interrogation-recon.kql,02-detection/queries/splunk/OTD-0145__interrogation-recon.spl
OTD-0146,Clock-sync/reset abuse,OT Protocol Defense (NDR),scaffold,02-detection/queries/sentinel/OTD-0146__clock-sync-reset-abuse.kql,02-detection/queries/splunk/OTD-0146__clock-sync-reset-abuse.spl
OTD-0147,MMS control Operate from non-master,OT Protocol Defense (NDR),scaffold,02-detection/queries/sentinel/OTD-0147__mms-control-operate-from-non-master.kql,02-detection/queries/splunk/OTD-0147__mms-control-operate-from-non-master.spl
OTD-0148,MMS write to named variable,OT Protocol Defense (NDR),scaffold,02-detection/queries/sentinel/OTD-0148__mms-write-to-named-variable.kql,02-detection/queries/splunk/OTD-0148__mms-write-to-named-variable.spl
OTD-0149,GOOSE stNum/sqNum anomaly,OT Protocol Defense (NDR),scaffold,02-detection/queries/sentinel/OTD-0149__goose-stnum-sqnum-anomaly.kql,02-detection/queries/splunk/OTD-0149__goose-stnum-sqnum-anomaly.spl
OTD-0150,GOOSE from unexpected source,OT Protocol Defense (NDR),scaffold,02-detection/queries/sentinel/OTD-0150__goose-from-unexpected-source.kql,02-detection/queries/splunk/OTD-0150__goose-from-unexpected-source.spl
OTD-0151,WriteProperty to command object,OT Protocol Defense (NDR),scaffold,02-detection/queries/sentinel/OTD-0151__writeproperty-to-command-object.kql,02-detection/queries/splunk/OTD-0151__writeproperty-to-command-object.spl
OTD-0152,Who-Is sweep (recon),OT Protocol Defense (NDR),scaffold,02-detection/queries/sentinel/OTD-0152__who-is-sweep-recon.kql,02-detection/queries/splunk/OTD-0152__who-is-sweep-recon.spl
OTD-0153,DeviceCommunicationControl,OT Protocol Defense (NDR),scaffold,02-detection/queries/sentinel/OTD-0153__devicecommunicationcontrol.kql,02-detection/queries/splunk/OTD-0153__devicecommunicationcontrol.spl
OTD-0154,ReinitializeDevice,OT Protocol Defense (NDR),scaffold,02-detection/queries/sentinel/OTD-0154__reinitializedevice.kql,02-detection/queries/splunk/OTD-0154__reinitializedevice.spl
OTD-0155,Operate from non-master,OT Protocol Defense (NDR),scaffold,02-detection/queries/sentinel/OTD-0155__operate-from-non-master.kql,02-detection/queries/splunk/OTD-0155__operate-from-non-master.spl
OTD-0156,Unsolicited-response anomaly,OT Protocol Defense (NDR),scaffold,02-detection/queries/sentinel/OTD-0156__unsolicited-response-anomaly.kql,02-detection/queries/splunk/OTD-0156__unsolicited-response-anomaly.spl
OTD-0157,Tag/Set_Attribute write from non-controller,OT Protocol Defense (NDR),scaffold,02-detection/queries/sentinel/OTD-0157__tag-set-attribute-write-from-non-controller.kql,02-detection/queries/splunk/OTD-0157__tag-set-attribute-write-from-non-controller.spl
OTD-0158,ListIdentity sweep,OT Protocol Defense (NDR),scaffold,02-detection/queries/sentinel/OTD-0158__listidentity-sweep.kql,02-detection/queries/splunk/OTD-0158__listidentity-sweep.spl
OTD-0159,forward_open from unexpected source,OT Protocol Defense (NDR),scaffold,02-detection/queries/sentinel/OTD-0159__forward-open-from-unexpected-source.kql,02-detection/queries/splunk/OTD-0159__forward-open-from-unexpected-source.spl
OTD-0160,Write to config class,OT Protocol Defense (NDR),scaffold,02-detection/queries/sentinel/OTD-0160__write-to-config-class.kql,02-detection/queries/splunk/OTD-0160__write-to-config-class.spl
OTD-0161,Anonymous FTP login to OT device,OT Protocol Defense (NDR),scaffold,02-detection/queries/sentinel/OTD-0161__anonymous-ftp-login-to-ot-device.kql,02-detection/queries/splunk/OTD-0161__anonymous-ftp-login-to-ot-device.spl
OTD-0162,FTP brute force,OT Protocol Defense (NDR),scaffold,02-detection/queries/sentinel/OTD-0162__ftp-brute-force.kql,02-detection/queries/splunk/OTD-0162__ftp-brute-force.spl
OTD-0163,Upload to a control device,OT Protocol Defense (NDR),scaffold,02-detection/queries/sentinel/OTD-0163__upload-to-a-control-device.kql,02-detection/queries/splunk/OTD-0163__upload-to-a-control-device.spl
OTD-0164,Firmware/project file transfer,OT Protocol Defense (NDR),scaffold,02-detection/queries/sentinel/OTD-0164__firmware-project-file-transfer.kql,02-detection/queries/splunk/OTD-0164__firmware-project-file-transfer.spl
OTD-0165,Web login brute force,OT Protocol Defense (NDR),scaffold,02-detection/queries/sentinel/OTD-0165__web-login-brute-force.kql,02-detection/queries/splunk/OTD-0165__web-login-brute-force.spl
OTD-0166,Directory/endpoint enumeration,OT Protocol Defense (NDR),scaffold,02-detection/queries/sentinel/OTD-0166__directory-endpoint-enumeration.kql,02-detection/queries/splunk/OTD-0166__directory-endpoint-enumeration.spl
OTD-0167,New client to device web UI,OT Protocol Defense (NDR),scaffold,02-detection/queries/sentinel/OTD-0167__new-client-to-device-web-ui.kql,02-detection/queries/splunk/OTD-0167__new-client-to-device-web-ui.spl
OTD-0168,Post-login control action,OT Protocol Defense (NDR),scaffold,02-detection/queries/sentinel/OTD-0168__post-login-control-action.kql,02-detection/queries/splunk/OTD-0168__post-login-control-action.spl
OTD-0169,Write to critical register,OT Protocol Defense (NDR),scaffold,02-detection/queries/sentinel/OTD-0169__write-to-critical-register.kql,02-detection/queries/splunk/OTD-0169__write-to-critical-register.spl
OTD-0170,Diagnostic abuse,OT Protocol Defense (NDR),scaffold,02-detection/queries/sentinel/OTD-0170__diagnostic-abuse.kql,02-detection/queries/splunk/OTD-0170__diagnostic-abuse.spl
OTD-0171,Cross-zone Modbus,OT Protocol Defense (NDR),scaffold,02-detection/queries/sentinel/OTD-0171__cross-zone-modbus.kql,02-detection/queries/splunk/OTD-0171__cross-zone-modbus.spl
OTD-0172,Publish to command topic,OT Protocol Defense (NDR),scaffold,02-detection/queries/sentinel/OTD-0172__publish-to-command-topic.kql,02-detection/queries/splunk/OTD-0172__publish-to-command-topic.spl
OTD-0173,Wildcard subscribe (mass recon),OT Protocol Defense (NDR),scaffold,02-detection/queries/sentinel/OTD-0173__wildcard-subscribe-mass-recon.kql,02-detection/queries/splunk/OTD-0173__wildcard-subscribe-mass-recon.spl
OTD-0174,Anonymous/new client connect,OT Protocol Defense (NDR),scaffold,02-detection/queries/sentinel/OTD-0174__anonymous-new-client-connect.kql,02-detection/queries/splunk/OTD-0174__anonymous-new-client-connect.spl
OTD-0175,Retained-message tampering,OT Protocol Defense (NDR),scaffold,02-detection/queries/sentinel/OTD-0175__retained-message-tampering.kql,02-detection/queries/splunk/OTD-0175__retained-message-tampering.spl
OTD-0176,Anonymous/None session,OT Protocol Defense (NDR),scaffold,02-detection/queries/sentinel/OTD-0176__anonymous-none-session.kql,02-detection/queries/splunk/OTD-0176__anonymous-none-session.spl
OTD-0177,Write to command node,OT Protocol Defense (NDR),scaffold,02-detection/queries/sentinel/OTD-0177__write-to-command-node.kql,02-detection/queries/splunk/OTD-0177__write-to-command-node.spl
OTD-0178,CallMethod to control method,OT Protocol Defense (NDR),scaffold,02-detection/queries/sentinel/OTD-0178__callmethod-to-control-method.kql,02-detection/queries/splunk/OTD-0178__callmethod-to-control-method.spl
OTD-0179,Browse sweep (recon),OT Protocol Defense (NDR),scaffold,02-detection/queries/sentinel/OTD-0179__browse-sweep-recon.kql,02-detection/queries/splunk/OTD-0179__browse-sweep-recon.spl
OTD-0180,PLC STOP/START,OT Protocol Defense (NDR),scaffold,02-detection/queries/sentinel/OTD-0180__plc-stop-start.kql,02-detection/queries/splunk/OTD-0180__plc-stop-start.spl
OTD-0181,Program upload (logic theft),OT Protocol Defense (NDR),scaffold,02-detection/queries/sentinel/OTD-0181__program-upload-logic-theft.kql,02-detection/queries/splunk/OTD-0181__program-upload-logic-theft.spl
OTD-0182,Write from non-engineering source,OT Protocol Defense (NDR),scaffold,02-detection/queries/sentinel/OTD-0182__write-from-non-engineering-source.kql,02-detection/queries/splunk/OTD-0182__write-from-non-engineering-source.spl
OTD-0183,SZL/system recon,OT Protocol Defense (NDR),scaffold,02-detection/queries/sentinel/OTD-0183__szl-system-recon.kql,02-detection/queries/splunk/OTD-0183__szl-system-recon.spl
OTD-0184,Vertical scan,OT Protocol Defense (NDR),scaffold,02-detection/queries/sentinel/OTD-0184__vertical-scan.kql,02-detection/queries/splunk/OTD-0184__vertical-scan.spl
OTD-0185,Scan from unexpected source,OT Protocol Defense (NDR),scaffold,02-detection/queries/sentinel/OTD-0185__scan-from-unexpected-source.kql,02-detection/queries/splunk/OTD-0185__scan-from-unexpected-source.spl
OTD-0186,OT control-port probing,OT Protocol Defense (NDR),scaffold,02-detection/queries/sentinel/OTD-0186__ot-control-port-probing.kql,02-detection/queries/splunk/OTD-0186__ot-control-port-probing.spl
OTD-0187,VNC to a control host,OT Protocol Defense (NDR),scaffold,02-detection/queries/sentinel/OTD-0187__vnc-to-a-control-host.kql,02-detection/queries/splunk/OTD-0187__vnc-to-a-control-host.spl
OTD-0188,VNC from unexpected source,OT Protocol Defense (NDR),scaffold,02-detection/queries/sentinel/OTD-0188__vnc-from-unexpected-source.kql,02-detection/queries/splunk/OTD-0188__vnc-from-unexpected-source.spl
OTD-0189,Post-session engineering activity,OT Protocol Defense (NDR),scaffold,02-detection/queries/sentinel/OTD-0189__post-session-engineering-activity.kql,02-detection/queries/splunk/OTD-0189__post-session-engineering-activity.spl
OTD-0190,Cross-zone VNC,OT Protocol Defense (NDR),scaffold,02-detection/queries/sentinel/OTD-0190__cross-zone-vnc.kql,02-detection/queries/splunk/OTD-0190__cross-zone-vnc.spl
OTD-0191,Tag out of operating envelope,OT Historian Detection,authored,02-detection/historian/A-statistical-envelope/A01-tag-out-of-envelope/sentinel.kql,02-detection/historian/A-statistical-envelope/A01-tag-out-of-envelope/splunk.spl
OTD-0192,Setpoint outside approved range,OT Historian Detection,authored,02-detection/historian/B-setpoint-control/B01-setpoint-outside-range/sentinel.kql,02-detection/historian/B-setpoint-control/B01-setpoint-outside-range/splunk.spl
OTD-0193,Frozen value / replay,OT Historian Detection,authored,02-detection/historian/C-replay-stale/C01-frozen-value-replay/sentinel.kql,02-detection/historian/C-replay-stale/C01-frozen-value-replay/splunk.spl
OTD-0194,Impossible state combination,OT Historian Detection,authored,02-detection/historian/D-physical-plausibility/D02-impossible-state-combination/sentinel.kql,02-detection/historian/D-physical-plausibility/D02-impossible-state-combination/splunk.spl
OTD-0195,Historian vs live PLC value divergence,OT Historian Detection,authored,02-detection/historian/E-data-integrity/E01-historian-plc-divergence/sentinel.kql,02-detection/historian/E-data-integrity/E01-historian-plc-divergence/splunk.spl
OTD-0196,SIF trip-point approach,OT Historian Detection,authored,02-detection/historian/G-safety-alarm/G01-sif-trip-point-approach/sentinel.kql,02-detection/historian/G-safety-alarm/G01-sif-trip-point-approach/splunk.spl
OTD-0197,Encoded/suspicious PowerShell,Perimeter-to-Endpoint,scaffold,02-detection/queries/sentinel/OTD-0197__encoded-suspicious-powershell.kql,02-detection/queries/splunk/OTD-0197__encoded-suspicious-powershell.spl
OTD-0198,LOLBin abuse,Perimeter-to-Endpoint,scaffold,02-detection/queries/sentinel/OTD-0198__lolbin-abuse.kql,02-detection/queries/splunk/OTD-0198__lolbin-abuse.spl
OTD-0199,Credential access LSASS,Perimeter-to-Endpoint,scaffold,02-detection/queries/sentinel/OTD-0199__credential-access-lsass.kql,02-detection/queries/splunk/OTD-0199__credential-access-lsass.spl
OTD-0200,Persistence run key/startup,Perimeter-to-Endpoint,scaffold,02-detection/queries/sentinel/OTD-0200__persistence-run-key-startup.kql,02-detection/queries/splunk/OTD-0200__persistence-run-key-startup.spl
OTD-0201,Persistence service install,Perimeter-to-Endpoint,scaffold,02-detection/queries/sentinel/OTD-0201__persistence-service-install.kql,02-detection/queries/splunk/OTD-0201__persistence-service-install.spl
OTD-0202,Persistence scheduled task,Perimeter-to-Endpoint,scaffold,02-detection/queries/sentinel/OTD-0202__persistence-scheduled-task.kql,02-detection/queries/splunk/OTD-0202__persistence-scheduled-task.spl
OTD-0203,Defense evasion log clearing,Perimeter-to-Endpoint,scaffold,02-detection/queries/sentinel/OTD-0203__defense-evasion-log-clearing.kql,02-detection/queries/splunk/OTD-0203__defense-evasion-log-clearing.spl
OTD-0204,Defense evasion AV/EDR tamper,Perimeter-to-Endpoint,scaffold,02-detection/queries/sentinel/OTD-0204__defense-evasion-av-edr-tamper.kql,02-detection/queries/splunk/OTD-0204__defense-evasion-av-edr-tamper.spl
OTD-0205,Suspicious parent-child,Perimeter-to-Endpoint,scaffold,02-detection/queries/sentinel/OTD-0205__suspicious-parent-child.kql,02-detection/queries/splunk/OTD-0205__suspicious-parent-child.spl
OTD-0206,Masquerading binary,Perimeter-to-Endpoint,scaffold,02-detection/queries/sentinel/OTD-0206__masquerading-binary.kql,02-detection/queries/splunk/OTD-0206__masquerading-binary.spl
OTD-0207,Internal host scanning,Perimeter-to-Endpoint,scaffold,02-detection/queries/sentinel/OTD-0207__internal-host-scanning.kql,02-detection/queries/splunk/OTD-0207__internal-host-scanning.spl
OTD-0208,New east-west peer relationship,Perimeter-to-Endpoint,scaffold,02-detection/queries/sentinel/OTD-0208__new-east-west-peer-relationship.kql,02-detection/queries/splunk/OTD-0208__new-east-west-peer-relationship.spl
OTD-0209,Lateral SMB admin shares,Perimeter-to-Endpoint,scaffold,02-detection/queries/sentinel/OTD-0209__lateral-smb-admin-shares.kql,02-detection/queries/splunk/OTD-0209__lateral-smb-admin-shares.spl
OTD-0210,Lateral RDP internal spread,Perimeter-to-Endpoint,scaffold,02-detection/queries/sentinel/OTD-0210__lateral-rdp-internal-spread.kql,02-detection/queries/splunk/OTD-0210__lateral-rdp-internal-spread.spl
OTD-0211,Lateral WMI/WinRM exec,Perimeter-to-Endpoint,scaffold,02-detection/queries/sentinel/OTD-0211__lateral-wmi-winrm-exec.kql,02-detection/queries/splunk/OTD-0211__lateral-wmi-winrm-exec.spl
OTD-0212,Remote service creation PsExec-like,Perimeter-to-Endpoint,scaffold,02-detection/queries/sentinel/OTD-0212__remote-service-creation-psexec-like.kql,02-detection/queries/splunk/OTD-0212__remote-service-creation-psexec-like.spl
OTD-0213,Pass-the-hash/anomalous NTLM,Perimeter-to-Endpoint,scaffold,02-detection/queries/sentinel/OTD-0213__pass-the-hash-anomalous-ntlm.kql,02-detection/queries/splunk/OTD-0213__pass-the-hash-anomalous-ntlm.spl
OTD-0214,Kerberoasting,Perimeter-to-Endpoint,scaffold,02-detection/queries/sentinel/OTD-0214__kerberoasting.kql,02-detection/queries/splunk/OTD-0214__kerberoasting.spl
OTD-0215,Internal DNS/AD recon,Perimeter-to-Endpoint,scaffold,02-detection/queries/sentinel/OTD-0215__internal-dns-ad-recon.kql,02-detection/queries/splunk/OTD-0215__internal-dns-ad-recon.spl
OTD-0216,Brute force single account,Perimeter-to-Endpoint,scaffold,02-detection/queries/sentinel/OTD-0216__brute-force-single-account.kql,02-detection/queries/splunk/OTD-0216__brute-force-single-account.spl
OTD-0217,Password spray,Perimeter-to-Endpoint,scaffold,02-detection/queries/sentinel/OTD-0217__password-spray.kql,02-detection/queries/splunk/OTD-0217__password-spray.spl
OTD-0218,Success after repeated failures,Perimeter-to-Endpoint,scaffold,02-detection/queries/sentinel/OTD-0218__success-after-repeated-failures.kql,02-detection/queries/splunk/OTD-0218__success-after-repeated-failures.spl
OTD-0219,Privilege/permission change,Perimeter-to-Endpoint,scaffold,02-detection/queries/sentinel/OTD-0219__privilege-permission-change.kql,02-detection/queries/splunk/OTD-0219__privilege-permission-change.spl
OTD-0220,New/re-enabled account then use,Perimeter-to-Endpoint,scaffold,02-detection/queries/sentinel/OTD-0220__new-re-enabled-account-then-use.kql,02-detection/queries/splunk/OTD-0220__new-re-enabled-account-then-use.spl
OTD-0221,Impossible travel/atypical geo,Perimeter-to-Endpoint,scaffold,02-detection/queries/sentinel/OTD-0221__impossible-travel-atypical-geo.kql,02-detection/queries/splunk/OTD-0221__impossible-travel-atypical-geo.spl
OTD-0222,Off-hours privileged logon,Perimeter-to-Endpoint,scaffold,02-detection/queries/sentinel/OTD-0222__off-hours-privileged-logon.kql,02-detection/queries/splunk/OTD-0222__off-hours-privileged-logon.spl
OTD-0223,Disabled/dormant account use,Perimeter-to-Endpoint,scaffold,02-detection/queries/sentinel/OTD-0223__disabled-dormant-account-use.kql,02-detection/queries/splunk/OTD-0223__disabled-dormant-account-use.spl
OTD-0224,MFA fatigue,Perimeter-to-Endpoint,scaffold,02-detection/queries/sentinel/OTD-0224__mfa-fatigue.kql,02-detection/queries/splunk/OTD-0224__mfa-fatigue.spl
OTD-0225,Ingress/egress volume baseline deviation,Perimeter-to-Endpoint,scaffold,02-detection/queries/sentinel/OTD-0225__ingress-egress-volume-baseline-deviation.kql,02-detection/queries/splunk/OTD-0225__ingress-egress-volume-baseline-deviation.spl
OTD-0226,SYN flood,Perimeter-to-Endpoint,scaffold,02-detection/queries/sentinel/OTD-0226__syn-flood.kql,02-detection/queries/splunk/OTD-0226__syn-flood.spl
OTD-0227,UDP/amplification flood,Perimeter-to-Endpoint,scaffold,02-detection/queries/sentinel/OTD-0227__udp-amplification-flood.kql,02-detection/queries/splunk/OTD-0227__udp-amplification-flood.spl
OTD-0228,Connection-rate spike to a service,Perimeter-to-Endpoint,scaffold,02-detection/queries/sentinel/OTD-0228__connection-rate-spike-to-a-service.kql,02-detection/queries/splunk/OTD-0228__connection-rate-spike-to-a-service.spl
OTD-0229,Source fan-in DDoS,Perimeter-to-Endpoint,scaffold,02-detection/queries/sentinel/OTD-0229__source-fan-in-ddos.kql,02-detection/queries/splunk/OTD-0229__source-fan-in-ddos.spl
OTD-0230,ICMP flood,Perimeter-to-Endpoint,scaffold,02-detection/queries/sentinel/OTD-0230__icmp-flood.kql,02-detection/queries/splunk/OTD-0230__icmp-flood.spl
OTD-0231,Perimeter deny surge,Perimeter-to-Endpoint,scaffold,02-detection/queries/sentinel/OTD-0231__perimeter-deny-surge.kql,02-detection/queries/splunk/OTD-0231__perimeter-deny-surge.spl
OTD-0232,Resource exhaustion on public service,Perimeter-to-Endpoint,scaffold,02-detection/queries/sentinel/OTD-0232__resource-exhaustion-on-public-service.kql,02-detection/queries/splunk/OTD-0232__resource-exhaustion-on-public-service.spl
OTD-0233,DNS tunnelling,Perimeter-to-Endpoint,scaffold,02-detection/queries/sentinel/OTD-0233__dns-tunnelling.kql,02-detection/queries/splunk/OTD-0233__dns-tunnelling.spl
OTD-0234,DGA activity,Perimeter-to-Endpoint,scaffold,02-detection/queries/sentinel/OTD-0234__dga-activity.kql,02-detection/queries/splunk/OTD-0234__dga-activity.spl
OTD-0235,Rare/new external domain,Perimeter-to-Endpoint,scaffold,02-detection/queries/sentinel/OTD-0235__rare-new-external-domain.kql,02-detection/queries/splunk/OTD-0235__rare-new-external-domain.spl
OTD-0236,Beaconing C2,Perimeter-to-Endpoint,scaffold,02-detection/queries/sentinel/OTD-0236__beaconing-c2.kql,02-detection/queries/splunk/OTD-0236__beaconing-c2.spl
OTD-0237,Connection-count outlier,Perimeter-to-Endpoint,scaffold,02-detection/queries/sentinel/OTD-0237__connection-count-outlier.kql,02-detection/queries/splunk/OTD-0237__connection-count-outlier.spl
OTD-0238,Data-volume exfil outlier,Perimeter-to-Endpoint,scaffold,02-detection/queries/sentinel/OTD-0238__data-volume-exfil-outlier.kql,02-detection/queries/splunk/OTD-0238__data-volume-exfil-outlier.spl
OTD-0239,Long-lived high-byte session,Perimeter-to-Endpoint,scaffold,02-detection/queries/sentinel/OTD-0239__long-lived-high-byte-session.kql,02-detection/queries/splunk/OTD-0239__long-lived-high-byte-session.spl
OTD-0240,DoH/rare resolver,Perimeter-to-Endpoint,scaffold,02-detection/queries/sentinel/OTD-0240__doh-rare-resolver.kql,02-detection/queries/splunk/OTD-0240__doh-rare-resolver.spl
OTD-0241,Threat-intel IOC hit,Perimeter-to-Endpoint,scaffold,02-detection/queries/sentinel/OTD-0241__threat-intel-ioc-hit.kql,02-detection/queries/splunk/OTD-0241__threat-intel-ioc-hit.spl
OTD-0242,Tor usage,Perimeter-to-Endpoint,scaffold,02-detection/queries/sentinel/OTD-0242__tor-usage.kql,02-detection/queries/splunk/OTD-0242__tor-usage.spl
OTD-0243,Crypto-mining,Perimeter-to-Endpoint,scaffold,02-detection/queries/sentinel/OTD-0243__crypto-mining.kql,02-detection/queries/splunk/OTD-0243__crypto-mining.spl
OTD-0244,P2P/torrent,Perimeter-to-Endpoint,scaffold,02-detection/queries/sentinel/OTD-0244__p2p-torrent.kql,02-detection/queries/splunk/OTD-0244__p2p-torrent.spl
OTD-0245,Geo-prohibited destination,Perimeter-to-Endpoint,scaffold,02-detection/queries/sentinel/OTD-0245__geo-prohibited-destination.kql,02-detection/queries/splunk/OTD-0245__geo-prohibited-destination.spl
OTD-0246,Unauthorized cloud storage,Perimeter-to-Endpoint,scaffold,02-detection/queries/sentinel/OTD-0246__unauthorized-cloud-storage.kql,02-detection/queries/splunk/OTD-0246__unauthorized-cloud-storage.spl
OTD-0247,Prohibited cleartext protocol,Perimeter-to-Endpoint,scaffold,02-detection/queries/sentinel/OTD-0247__prohibited-cleartext-protocol.kql,02-detection/queries/splunk/OTD-0247__prohibited-cleartext-protocol.spl
OTD-0248,Unauthorized remote-access tool,Perimeter-to-Endpoint,scaffold,02-detection/queries/sentinel/OTD-0248__unauthorized-remote-access-tool.kql,02-detection/queries/splunk/OTD-0248__unauthorized-remote-access-tool.spl
OTD-0249,Traffic to newly-registered domain,Perimeter-to-Endpoint,scaffold,02-detection/queries/sentinel/OTD-0249__traffic-to-newly-registered-domain.kql,02-detection/queries/splunk/OTD-0249__traffic-to-newly-registered-domain.spl
OTD-0250,Outbound vertical scan,Perimeter-to-Endpoint,scaffold,02-detection/queries/sentinel/OTD-0250__outbound-vertical-scan.kql,02-detection/queries/splunk/OTD-0250__outbound-vertical-scan.spl
OTD-0251,High outbound deny rate,Perimeter-to-Endpoint,scaffold,02-detection/queries/sentinel/OTD-0251__high-outbound-deny-rate.kql,02-detection/queries/splunk/OTD-0251__high-outbound-deny-rate.spl
OTD-0252,Web login brute force,Perimeter-to-Endpoint,scaffold,02-detection/queries/sentinel/OTD-0252__web-login-brute-force.kql,02-detection/queries/splunk/OTD-0252__web-login-brute-force.spl
OTD-0253,Directory/endpoint enumeration,Perimeter-to-Endpoint,scaffold,02-detection/queries/sentinel/OTD-0253__directory-endpoint-enumeration.kql,02-detection/queries/splunk/OTD-0253__directory-endpoint-enumeration.spl
OTD-0254,Injection patterns SQLi/XSS/cmd,Perimeter-to-Endpoint,scaffold,02-detection/queries/sentinel/OTD-0254__injection-patterns-sqli-xss-cmd.kql,02-detection/queries/splunk/OTD-0254__injection-patterns-sqli-xss-cmd.spl
OTD-0255,High 5xx error spike,Perimeter-to-Endpoint,scaffold,02-detection/queries/sentinel/OTD-0255__high-5xx-error-spike.kql,02-detection/queries/splunk/OTD-0255__high-5xx-error-spike.spl
OTD-0256,Suspicious user-agent/tool,Perimeter-to-Endpoint,scaffold,02-detection/queries/sentinel/OTD-0256__suspicious-user-agent-tool.kql,02-detection/queries/splunk/OTD-0256__suspicious-user-agent-tool.spl
OTD-0257,Web shell indicators,Perimeter-to-Endpoint,scaffold,02-detection/queries/sentinel/OTD-0257__web-shell-indicators.kql,02-detection/queries/splunk/OTD-0257__web-shell-indicators.spl
