Link_ID,Outcome,Primary_Telemetry,Supporting_Telemetry,Detection_Examples,Validation_Question,Response_Playbook,Response_Principle
DR-01,Suspicious remote access,LS-03;LS-04;LS-20,LS-02;LS-01;LS-08,OTD-0001;OTD-0022,"Was the user source device time and target approved and did the session follow the jump-host path?",PLAYBOOK-OT-06,Disable or terminate access only with OT owner approval and preserve session evidence
DR-02,Unauthorized OT control command,LS-18;LS-06;LS-12;LS-15;LS-16;LS-17,LS-02;LS-08;LS-11,OTD-0003;OTD-0004;OTD-0005;OTD-0007;OTD-0008;OTD-0009,"Did an approved source issue the command during an authorized change and did controller state change?",PLAYBOOK-OT-07,Do not block or reset control traffic until Operations confirms process safety
DR-03,Unauthorized controller logic or mode change,LS-06;LS-15;LS-16;LS-17,LS-08;LS-01;LS-18,OTD-0006;OTD-0027;OTD-0028,"Do controller checksum mode and engineering-session records match an approved MOC?",PLAYBOOK-OT-03,Acquire controller state safely and coordinate rollback with engineering
DR-04,Unauthorized setpoint or alarm change,LS-11;LS-10,LS-01;LS-08;LS-18,OTD-0016,"Who changed the value, was it approved, and is the observed process response physically plausible?",PLAYBOOK-OT-02,Validate with the operator before reversing any setpoint or alarm configuration
DR-05,Safety-system manipulation,LS-07,LS-10;LS-12;LS-18,OTD-0017,"Is the safety function available and do key switch force or override events match proof-test work?",PLAYBOOK-OT-05,Operations and safety engineering own containment and restoration decisions
DR-06,Malware or ransomware on OT host,LS-08;LS-14,LS-02;LS-05;LS-18;LS-13;LS-21,OTD-0018;OTD-0019;OTD-0020,"Is execution confirmed, what hosts or shares were reached, is the affected host required for safe operation, and is a verified recovery point available?",PLAYBOOK-OT-04,Prefer network containment at a controlled boundary over unplanned host shutdown
DR-07,New or rogue OT asset,LS-18;LS-05,LS-02;LS-13;LS-12,OTD-0002;OTD-0014;OTD-0026,"Are the MAC, IP, switch port, owner, and change record known, and is the device actively controlling equipment?",PLAYBOOK-OT-08,Trace and isolate only after determining process dependency and a safe isolation point
DR-08,Process anomaly or data-integrity concern,LS-10,LS-06;LS-07;LS-11;LS-18,OTD-0025,"Do independent sensors controller values historian quality and operator observations agree?",PLAYBOOK-OT-09,Treat process safety and independent physical verification as authoritative
DR-09,Engineering activity outside change window,LS-08;LS-01,LS-03;LS-06;LS-11;LS-18,OTD-0015,"Was the engineer tool target and action approved and does it correlate with a controller or HMI change?",PLAYBOOK-OT-01,Stop or restrict the session only after confirming operational state and approval
